COD_MICRO,NOME_MICRO,Soma_V002.x,Soma_V023.x,Soma_V037,Soma_V038,Soma_V039,Soma_V040,Soma_V041.x,Soma_V046,Soma_V101,Soma_V102,Soma_V103,Soma_V233,Soma_V007.x,Soma_V008.x,Soma_V009.x,Soma_V011.x,Soma_V023.y,Soma_V041.y,Soma_V001.x,Soma_V109,Soma_V001.y,Soma_V002.y,Soma_V003.x,Soma_V004.x,Soma_V005.x,Soma_V006.x,Soma_V002.x.x,Soma_V003.y,Soma_V004.y,Soma_V005.y,Soma_V006.y,Soma_V007.y,Soma_V008.y,Soma_V009.y,Soma_V010,Soma_V011.y,Soma_V012,Soma_V013,Soma_V014.x,Soma_V015,Soma_V016,Soma_V017.x,Soma_V001,Soma_V002.y.y,Soma_V004,Soma_V014.y,Soma_V011,Soma_V017.y,Soma_V050,Soma_V052,Soma_V113,Soma_V119,Soma_V125,Soma_V131,Soma_V137,Soma_V143,Soma_V149,Soma_V154,Soma_V160,Soma_V202,Soma_V203,Soma_V204,Soma_V205,Soma_V206,Soma_V207,Soma_soma_V202eV203,Soma_soma_V204eV205,Soma_soma_V206eV207,DEFICIT_TOTAL
31001,Unaí,2855.1666666666665,14.166666666666666,50.75,49.333333333333336,1.5833333333333333,3.4166666666666665,0.0,15.0,125.83333333333333,504.25,15.333333333333334,4.833333333333333,433.9166666666667,1784.0833333333333,52.916666666666664,130.16666666666666,40.5,37.75,1083.4166666666667,1778.6666666666667,9185.916666666666,3248.0,666.75,185.41666666666666,5063.75,11.0,9134.583333333334,2860.5833333333335,1774.9166666666667,2218.0,1155.9166666666667,184.75,48.416666666666664,88.33333333333333,17.583333333333332,395.5,8.666666666666666,167.16666666666666,3.0833333333333335,152.66666666666666,12.0,53.5,5.666666666666667,4751771.416666667,5228.166666666667,100.58333333333333,4.333333333333333,90.91666666666667,5.083333333333333,1.8333333333333333,1.1666666666666667,8.916666666666666,11.25,9.25,12.916666666666666,13.75,6.166666666666667,0.3333333333333333,0.75,990.5833333333334,899.3333333333334,258.4166666666667,624.0833333333334,0.08333333333333333,5.333333333333333,1889.9166666666667,882.5,5.416666666666667,3088.0
31002,Paracatu,3759.214285714286,14.071428571428571,126.21428571428571,58.785714285714285,1.5,4.142857142857143,0.2857142857142857,11.214285714285714,176.64285714285714,693.0,18.428571428571427,18.785714285714285,594.5,2296.4285714285716,61.857142857142854,22.714285714285715,38.357142857142854,32.714285714285715,1399.9285714285713,2366.1428571428573,12599.07142857143,4317.0,1429.0714285714287,196.5,6642.857142857143,11.214285714285714,12542.857142857143,3765.0714285714284,2395.0714285714284,3237.785714285714,1573.2142857142858,243.71428571428572,75.0,128.28571428571428,24.928571428571427,578.2142857142857,11.071428571428571,232.64285714285714,4.142857142857143,201.07142857142858,20.214285714285715,59.07142857142857,6.571428571428571,6544896.642857143,7237.928571428572,116.14285714285714,7.642857142857143,72.5,63.285714285714285,11.142857142857142,1.0,5.285714285714286,10.714285714285714,6.142857142857143,12.357142857142858,14.0,7.214285714285714,1.0,1.4285714285714286,1354.5,1660.642857142857,215.07142857142858,498.64285714285717,7.357142857142857,12.428571428571429,3015.1428571428573,713.7142857142857,19.785714285714285,5413.0
31003,Januária,2415.875,45.0625,273.375,273.375,3.375,82.0,0.125,30.625,34.8125,309.5,8.4375,38.75,132.75,1068.5625,31.3125,23.8125,180.25,112.9375,934.0625,1486.875,9167.8125,2041.25,1039.5,107.9375,5927.4375,51.5625,9132.9375,2420.3125,1548.0,2531.3125,1206.4375,149.625,88.875,81.5625,21.8125,625.1875,22.9375,166.125,3.875,189.25,23.75,48.1875,4.4375,2948363.5,3225.375,121.4375,16.9375,124.4375,18.8125,2.375,12.5625,36.375,40.1875,35.5625,44.1875,44.1875,18.75,0.5625,3.4375,337.25,245.5,622.875,1166.75,2.625,31.75,582.75,1789.625,34.375,4660.0
31004,Janaúba,2587.235294117647,37.11764705882353,139.47058823529412,158.23529411764707,1.2941176470588236,63.411764705882355,1.1176470588235294,21.88235294117647,48.529411764705884,362.3529411764706,15.117647058823529,18.0,173.41176470588235,1209.6470588235295,53.588235294117645,36.8235294117647,119.11764705882354,63.88235294117647,875.8235294117648,1716.7058823529412,9041.941176470587,2824.529411764706,776.3529411764706,66.6470588235294,5359.941176470588,11.294117647058824,9001.882352941177,2591.529411764706,1712.235294117647,2515.705882352941,1082.8235294117646,128.52941176470588,84.58823529411765,69.6470588235294,18.647058823529413,471.88235294117646,11.823529411764707,126.05882352941177,2.9411764705882355,131.1764705882353,18.235294117647058,33.470588235294116,5.294117647058823,3283689.882352941,3656.0588235294117,78.52941176470588,12.176470588235293,109.88235294117646,98.3529411764706,14.647058823529411,7.588235294117647,23.41176470588235,29.058823529411764,26.529411764705884,35.705882352941174,36.23529411764706,16.352941176470587,3.2941176470588234,4.470588235294118,177.2941176470588,303.2352941176471,498.0,1575.6470588235295,1.1176470588235294,18.352941176470587,480.52941176470586,2073.6470588235293,19.470588235294116,4996.0
31005,Salinas,1833.388888888889,12.944444444444445,202.11111111111111,55.77777777777778,1.8333333333333333,13.88888888888889,0.3888888888888889,11.555555555555555,27.666666666666668,267.5,5.0,5.055555555555555,93.33333333333333,892.6666666666666,17.22222222222222,14.38888888888889,40.166666666666664,36.72222222222222,633.2222222222222,1203.0,6372.055555555556,2085.1111111111113,256.8888888888889,43.5,3983.722222222222,2.8333333333333335,6356.0,1835.2777777777778,1231.388888888889,1820.4444444444443,716.1111111111111,91.61111111111111,59.55555555555556,48.22222222222222,14.0,285.94444444444446,6.388888888888889,94.38888888888889,2.7222222222222223,99.05555555555556,9.5,31.72222222222222,1.8888888888888888,2257321.222222222,1615.6666666666667,84.05555555555556,10.333333333333334,78.61111111111111,61.5,11.444444444444445,2.5,6.722222222222222,9.555555555555555,7.055555555555555,11.88888888888889,12.777777777777779,6.333333333333333,1.0555555555555556,1.4444444444444444,268.22222222222223,498.27777777777777,336.3333333333333,718.6111111111111,0.5555555555555556,5.722222222222222,766.5,1054.9444444444443,6.277777777777778,3405.0
31006,Pirapora,3292.0833333333335,36.833333333333336,10.416666666666666,212.75,3.1666666666666665,19.75,0.08333333333333333,34.083333333333336,76.66666666666667,531.0,14.333333333333334,14.0,269.6666666666667,1762.0,52.083333333333336,49.583333333333336,116.66666666666667,103.25,1230.4166666666667,2064.5833333333335,11582.666666666666,2507.5833333333335,1394.25,130.33333333333334,7479.083333333333,15.333333333333334,11473.166666666666,3288.5,2067.9166666666665,2779.4166666666665,1541.0833333333333,284.5,107.91666666666667,100.75,28.75,760.0833333333334,25.5,186.16666666666666,3.8333333333333335,225.91666666666666,31.0,62.666666666666664,10.5,4371125.166666667,10454.083333333334,120.08333333333333,8.416666666666666,240.08333333333334,139.16666666666666,30.75,3.25,27.75,32.25,28.083333333333332,35.583333333333336,36.333333333333336,15.833333333333334,3.75,4.75,153.0,230.25,887.25,1974.5833333333333,1.4166666666666667,18.833333333333332,383.25,2861.8333333333335,20.25,4521.0
31007,Montes Claros,3165.425,23.925,71.5,135.675,1.45,25.5,0.225,17.525,83.525,457.15,8.5,41.225,354.125,1660.7,29.95,24.75,73.85,50.3,1170.575,2001.525,11134.1,3478.5,858.125,125.475,6649.9,16.5,11089.5,3171.225,1994.25,3020.025,1348.2,141.825,99.2,110.45,22.4,558.6,13.1,255.625,4.2,229.775,24.65,69.75,5.825,5654731.675,4584.175,92.025,6.775,69.975,64.0,10.55,3.6,12.6,17.1,13.55,22.725,23.125,10.0,1.825,1.375,1134.15,1332.4,205.725,418.275,1.725,36.775,2466.55,624.0,38.5,14479.0
31008,Grão Mogol,867.0,14.8,319.2,142.0,1.0,6.8,0.0,7.8,6.4,111.4,5.6,16.6,21.2,370.2,15.4,18.2,43.8,24.0,382.2,486.2,3154.6,771.2,204.2,41.0,2136.0,2.2,3146.6,867.4,527.2,805.8,531.2,52.4,28.8,27.2,5.8,145.8,2.4,65.0,2.0,55.2,8.8,16.8,0.4,981158.0,100.0,38.4,2.0,43.0,0.6,0.0,1.8,12.4,14.4,12.6,14.2,14.8,10.4,0.0,0.2,48.0,329.2,80.6,383.0,0.6,13.6,377.2,463.6,14.2,406.0
31009,Bocaiúva,2428.5,21.5,62.0,140.0,2.6666666666666665,11.0,0.0,14.5,55.333333333333336,332.0,8.166666666666666,25.5,190.33333333333334,1198.6666666666667,29.333333333333332,23.166666666666668,63.0,34.166666666666664,905.5,1527.6666666666667,8406.333333333334,2215.3333333333335,625.1666666666666,55.666666666666664,5508.0,2.1666666666666665,8373.0,2432.5,1483.3333333333333,2182.1666666666665,1134.6666666666667,145.16666666666666,73.83333333333333,68.83333333333333,15.333333333333334,447.6666666666667,14.0,169.0,2.5,154.5,23.833333333333332,29.166666666666668,4.0,3136118.0,3139.1666666666665,89.16666666666667,12.5,44.666666666666664,119.83333333333333,21.333333333333332,4.0,9.0,16.0,10.833333333333334,19.833333333333332,20.5,14.166666666666666,3.0,2.5,461.8333333333333,1145.3333333333333,332.6666666666667,443.8333333333333,8.5,15.166666666666666,1607.1666666666667,776.5,23.666666666666668,1685.0
31010,Diamantina,2104.0,12.625,81.875,158.0,1.0,13.0,0.375,12.0,24.0,383.625,7.75,17.5,88.75,1230.875,40.125,15.25,39.5,32.25,860.875,1246.875,7423.0,1956.25,864.0,114.625,4479.875,7.5,7385.125,2105.875,1224.0,1934.625,1049.0,84.625,53.75,80.25,13.0,398.25,8.375,191.5,2.875,155.5,19.75,50.125,2.0,3569883.875,2677.0,53.0,8.0,36.375,39.125,8.75,0.75,6.625,11.0,9.0,12.125,12.625,7.25,0.25,0.0,570.375,1020.375,179.875,293.125,1.875,10.875,1590.75,473.0,12.75,2074.0
31011,Capelinha,1657.1666666666667,11.0,131.66666666666666,124.41666666666667,2.5,7.916666666666667,0.0,14.666666666666666,16.916666666666668,286.8333333333333,4.666666666666667,24.5,61.416666666666664,894.75,17.416666666666668,15.416666666666666,35.0,43.0,692.75,965.4166666666666,5821.583333333333,1758.4166666666667,440.75,75.83333333333333,3521.8333333333335,5.25,5767.166666666667,1655.5833333333333,1027.3333333333333,1620.0833333333333,805.6666666666666,80.75,29.416666666666668,51.5,11.416666666666666,237.25,4.75,112.75,3.0,84.16666666666667,12.416666666666666,28.833333333333332,3.1666666666666665,2097747.1666666665,3009.4166666666665,48.5,17.25,60.75,40.666666666666664,9.5,3.0833333333333335,6.333333333333333,9.25,7.25,9.666666666666666,10.916666666666666,9.833333333333334,0.6666666666666666,0.08333333333333333,450.9166666666667,645.1666666666666,174.16666666666666,353.8333333333333,2.8333333333333335,23.166666666666668,1096.0833333333333,528.0,26.0,1831.0
31012,Araçuaí,2555.285714285714,49.42857142857143,401.14285714285717,138.28571428571428,1.1428571428571428,47.57142857142857,1.5714285714285714,28.571428571428573,84.85714285714286,458.7142857142857,9.428571428571429,20.857142857142858,305.7142857142857,1558.857142857143,32.142857142857146,36.0,176.42857142857142,89.0,1251.7142857142858,1307.2857142857142,8986.0,2071.0,738.8571428571429,77.71428571428571,6085.0,13.428571428571429,8939.142857142857,2557.8571428571427,1515.2857142857142,2192.0,1326.857142857143,129.71428571428572,71.0,98.14285714285714,17.714285714285715,528.0,15.571428571428571,179.57142857142858,4.285714285714286,186.14285714285714,21.285714285714285,68.42857142857143,2.5714285714285716,3035860.285714286,3058.8571428571427,116.85714285714286,18.714285714285715,149.14285714285714,243.42857142857142,55.714285714285715,7.571428571428571,33.714285714285715,42.142857142857146,34.42857142857143,44.714285714285715,49.142857142857146,31.857142857142858,9.714285714285714,4.571428571428571,691.5714285714286,837.8571428571429,245.57142857142858,761.2857142857143,3.142857142857143,11.428571428571429,1529.4285714285713,1006.8571428571429,14.571428571428571,2407.0
31013,Pedra Azul,4036.0,64.5,146.25,139.0,1.75,94.75,4.5,37.25,47.75,748.25,19.5,55.75,169.5,2500.75,63.75,48.0,226.5,102.5,1712.0,2328.5,14084.5,3472.5,790.25,73.25,9738.75,9.75,14023.25,4040.0,2393.75,3446.75,1861.0,222.75,128.0,214.75,34.0,931.75,34.5,295.25,14.75,286.0,24.5,86.25,4.0,4565384.25,2562.5,181.0,10.75,150.5,341.0,66.5,9.25,29.0,41.5,33.5,63.0,64.5,29.25,19.0,12.5,1235.0,1223.75,543.75,973.75,2.75,46.0,2458.75,1517.5,48.75,2168.0
31014,Almenara,2214.4117647058824,38.76470588235294,108.05882352941177,90.52941176470588,1.0588235294117647,37.1764705882353,3.235294117647059,28.647058823529413,38.23529411764706,333.88235294117646,7.294117647058823,13.176470588235293,130.76470588235293,1063.6470588235295,21.470588235294116,26.764705882352942,123.6470588235294,82.41176470588235,909.9411764705883,1310.6470588235295,7542.823529411765,2040.2941176470588,519.8235294117648,48.0,4910.764705882353,7.705882352941177,7487.470588235294,2217.529411764706,1357.1764705882354,1739.6470588235295,954.6470588235294,154.7058823529412,76.58823529411765,87.17647058823529,19.176470588235293,530.5294117647059,16.235294117647058,125.17647058823529,5.9411764705882355,139.88235294117646,20.352941176470587,47.705882352941174,7.294117647058823,2490434.529411765,5637.117647058823,98.05882352941177,6.529411764705882,81.05882352941177,137.58823529411765,24.352941176470587,3.176470588235294,19.529411764705884,30.823529411764707,20.58823529411765,34.470588235294116,38.23529411764706,16.294117647058822,8.941176470588236,5.117647058823529,545.9411764705883,1027.1764705882354,178.1764705882353,429.29411764705884,4.352941176470588,7.0588235294117645,1573.1176470588234,607.4705882352941,11.411764705882353,4483.0
31015,Teófilo Otoni,2969.6470588235293,24.176470588235293,550.7647058823529,124.94117647058823,1.7647058823529411,36.588235294117645,0.7647058823529411,24.764705882352942,39.94117647058823,508.11764705882354,13.058823529411764,18.941176470588236,151.76470588235293,1856.8235294117646,49.11764705882353,24.176470588235293,69.0,70.52941176470588,1257.8823529411766,1717.0588235294117,9885.470588235294,2635.470588235294,1033.235294117647,111.3529411764706,6095.470588235294,9.941176470588236,9843.0,2973.3529411764707,1746.8823529411766,2167.8823529411766,1375.3529411764705,167.23529411764707,95.0,116.05882352941177,26.058823529411764,599.5882352941177,19.058823529411764,187.1764705882353,5.529411764705882,214.2941176470588,28.176470588235293,92.52941176470588,3.7058823529411766,4742530.117647059,3202.4117647058824,126.05882352941177,16.294117647058822,75.3529411764706,93.76470588235294,15.705882352941176,2.3529411764705883,11.529411764705882,20.823529411764707,12.411764705882353,21.058823529411764,23.823529411764707,14.647058823529411,3.411764705882353,3.411764705882353,1457.2941176470588,916.7058823529412,267.8235294117647,286.94117647058823,6.470588235294118,13.352941176470589,2374.0,554.7647058823529,19.823529411764707,6212.0
31016,Nanuque,2553.3333333333335,36.111111111111114,140.33333333333334,124.11111111111111,1.1111111111111112,22.22222222222222,1.7777777777777777,25.555555555555557,90.33333333333333,425.0,8.333333333333334,9.777777777777779,305.22222222222223,1346.2222222222222,26.0,35.666666666666664,91.44444444444444,65.66666666666667,974.7777777777778,1584.2222222222222,8302.888888888889,2214.8888888888887,637.7777777777778,79.0,5349.777777777777,21.444444444444443,8264.777777777777,2558.1111111111113,1579.5555555555557,1880.2222222222222,1021.3333333333334,189.0,74.11111111111111,80.77777777777777,23.555555555555557,506.0,19.11111111111111,117.66666666666667,3.7777777777777777,147.66666666666666,21.77777777777778,41.888888888888886,4.777777777777778,3502421.6666666665,3205.3333333333335,86.66666666666667,10.0,110.11111111111111,121.22222222222223,26.22222222222222,4.0,15.333333333333334,30.666666666666668,14.88888888888889,29.77777777777778,35.44444444444444,11.333333333333334,6.111111111111111,6.222222222222222,734.6666666666666,1121.6666666666667,326.1111111111111,353.77777777777777,5.0,8.11111111111111,1856.3333333333333,679.8888888888889,13.11111111111111,2632.0
31017,Ituiutaba,3882.0,7.5,8.3,29.2,0.6,3.6,0.2,7.2,242.0,980.5,26.2,3.2,779.0,3062.4,80.1,38.4,19.0,13.5,1405.8,2486.0,11670.9,6430.2,868.7,96.2,4263.2,10.9,11612.9,3890.5,2445.1,2447.6,1154.0,246.2,95.4,185.5,49.3,584.3,21.2,192.4,9.7,216.0,13.1,73.1,9.0,7902618.3,9500.2,96.7,2.9,59.7,4.5,3.0,0.3,1.4,3.0,1.5,5.2,7.2,0.7,0.1,0.4,2365.4,1340.1,62.9,64.6,1.2,2.2,3705.5,127.5,3.4,4745.0
31018,Uberlândia,8467.51724137931,5.0344827586206895,62.89655172413793,20.655172413793103,0.6551724137931034,4.931034482758621,0.06896551724137931,9.068965517241379,765.6896551724138,1999.0344827586207,38.03448275862069,3.3448275862068964,3005.103448275862,7191.482758620689,128.86206896551724,131.86206896551724,10.862068965517242,21.82758620689655,3182.344827586207,5303.0,26059.724137931036,14646.379310344828,2101.0689655172414,281.9310344827586,8988.344827586207,35.13793103448276,25950.793103448275,8483.0,5367.9655172413795,5863.482758620689,2704.137931034483,495.0,203.10344827586206,432.3448275862069,99.96551724137932,1070.551724137931,32.13793103448276,454.8965517241379,19.96551724137931,472.1034482758621,35.51724137931034,228.58620689655172,16.448275862068964,21119939.586206898,15538.448275862069,170.3793103448276,5.310344827586207,49.275862068965516,35.724137931034484,6.0,0.27586206896551724,1.4482758620689655,2.1379310344827585,1.6206896551724137,4.0344827586206895,4.896551724137931,0.7241379310344828,0.3448275862068966,1.0689655172413792,7281.448275862069,904.448275862069,117.86206896551724,78.89655172413794,0.7931034482758621,4.482758620689655,8185.896551724138,196.75862068965517,5.275862068965517,26840.0
31019,Patrocínio,3426.0,3.3846153846153846,75.23076923076923,29.153846153846153,1.9230769230769231,4.6923076923076925,0.23076923076923078,5.538461538461538,278.3076923076923,759.5384615384615,24.53846153846154,6.384615384615385,963.9230769230769,2465.769230769231,79.53846153846153,18.923076923076923,6.846153846153846,12.23076923076923,1157.5384615384614,2273.6153846153848,10856.76923076923,6295.307692307692,809.3846153846154,102.84615384615384,3636.769230769231,9.23076923076923,10782.923076923076,3430.846153846154,2242.3076923076924,2715.3076923076924,1117.1538461538462,200.69230769230768,62.46153846153846,130.30769230769232,30.384615384615383,420.7692307692308,10.923076923076923,183.69230769230768,4.076923076923077,169.0,12.384615384615385,58.0,5.6923076923076925,6214281.153846154,4858.7692307692305,79.0,3.230769230769231,19.53846153846154,24.46153846153846,8.076923076923077,0.0,0.5384615384615384,1.0,0.46153846153846156,2.769230769230769,3.230769230769231,0.8461538461538461,0.07692307692307693,0.15384615384615385,1757.7692307692307,1376.923076923077,121.84615384615384,137.6153846153846,1.2307692307692308,3.8461538461538463,3134.6923076923076,259.46153846153845,5.076923076923077,4401.0
31020,Patos de Minas,3542.3888888888887,2.888888888888889,43.44444444444444,22.944444444444443,0.8333333333333334,2.0555555555555554,0.1111111111111111,3.2222222222222223,231.22222222222223,729.9444444444445,12.944444444444445,4.388888888888889,800.2222222222222,2466.8333333333335,44.611111111111114,33.5,6.388888888888889,7.222222222222222,1244.7222222222222,2297.5,10862.944444444445,6352.722222222223,526.5,104.05555555555556,3839.8333333333335,6.166666666666667,10798.388888888889,3536.8333333333335,2278.8888888888887,2712.0555555555557,1101.7222222222222,150.22222222222223,60.5,128.33333333333334,28.5,364.1111111111111,7.333333333333333,185.38888888888889,4.833333333333333,151.22222222222223,14.61111111111111,70.5,4.055555555555555,7325436.111111111,4678.555555555556,86.0,4.055555555555555,12.38888888888889,9.222222222222221,2.5,0.16666666666666666,0.3888888888888889,0.8888888888888888,0.6666666666666666,2.611111111111111,2.888888888888889,1.2222222222222223,0.1111111111111111,0.16666666666666666,2310.1666666666665,981.3333333333334,55.333333333333336,109.38888888888889,0.5555555555555556,4.944444444444445,3291.5,164.72222222222223,5.5,6222.0
31021,Frutal,3826.5454545454545,4.363636363636363,17.181818181818183,21.272727272727273,0.5454545454545454,3.6363636363636362,0.9090909090909091,13.363636363636363,335.54545454545456,1051.090909090909,19.272727272727273,3.1818181818181817,1051.8181818181818,3315.5454545454545,60.81818181818182,36.72727272727273,9.909090909090908,34.27272727272727,1266.2727272727273,2575.0,11603.363636363636,6629.272727272727,862.2727272727273,118.45454545454545,3979.3636363636365,9.636363636363637,11492.818181818182,3839.909090909091,2446.0,2455.7272727272725,1084.4545454545455,283.09090909090907,79.0,162.72727272727272,44.45454545454545,473.27272727272725,13.090909090909092,183.1818181818182,7.363636363636363,206.45454545454547,25.363636363636363,209.1818181818182,14.272727272727273,7305088.545454546,14770.181818181818,107.81818181818181,26.454545454545453,139.72727272727272,30.363636363636363,10.181818181818182,0.6363636363636364,1.2727272727272727,2.1818181818181817,1.3636363636363635,3.4545454545454546,4.2727272727272725,0.36363636363636365,0.5454545454545454,0.9090909090909091,2027.909090909091,1479.7272727272727,117.72727272727273,166.1818181818182,1.2727272727272727,4.363636363636363,3507.6363636363635,283.90909090909093,5.636363636363637,4749.0
31022,Uberaba,5156.0,3.6315789473684212,116.26315789473684,11.842105263157896,1.3157894736842106,0.8421052631578947,0.0,6.473684210526316,532.3684210526316,1083.2105263157894,34.73684210526316,2.736842105263158,1886.3157894736842,3914.2631578947367,111.0,38.63157894736842,8.947368421052632,16.63157894736842,2100.157894736842,3053.6315789473683,15816.684210526315,9688.578947368422,1441.6315789473683,149.0,4450.736842105263,21.57894736842105,15594.578947368422,5147.473684210527,3042.8947368421054,3324.6315789473683,1822.6315789473683,257.2631578947368,136.6315789473684,282.36842105263156,61.10526315789474,679.2105263157895,17.57894736842105,318.63157894736844,12.105263157894736,305.3157894736842,29.526315789473685,156.31578947368422,8.68421052631579,12937695.105263159,9117.684210526315,128.73684210526315,15.473684210526315,30.63157894736842,10.947368421052632,3.1578947368421053,0.21052631578947367,0.21052631578947367,0.5789473684210527,0.3684210526315789,2.9473684210526314,3.5789473684210527,0.5789473684210527,0.10526315789473684,0.05263157894736842,3674.4210526315787,1319.8947368421052,54.473684210526315,36.1578947368421,1.0526315789473684,3.1578947368421053,4994.315789473684,90.63157894736842,4.2105263157894735,11319.0
31023,Araxá,4085.923076923077,3.8461538461538463,16.307692307692307,21.692307692307693,2.6153846153846154,2.076923076923077,0.15384615384615385,5.846153846153846,361.0,848.9230769230769,33.69230769230769,5.538461538461538,1212.076923076923,2814.153846153846,106.38461538461539,25.46153846153846,7.769230769230769,14.0,1398.3076923076924,2686.5384615384614,13027.384615384615,7635.0,1027.6923076923076,137.30769230769232,4161.307692307692,18.307692307692307,12914.615384615385,4077.0,2620.0,3057.4615384615386,1407.3076923076924,226.76923076923077,119.46153846153847,163.0,45.30769230769231,574.7692307692307,11.615384615384615,236.46153846153845,6.461538461538462,244.69230769230768,17.615384615384617,107.76923076923077,5.846153846153846,8837529.846153846,7308.692307692308,106.07692307692308,5.230769230769231,18.76923076923077,13.384615384615385,4.153846153846154,0.0,0.07692307692307693,0.8461538461538461,0.07692307692307693,2.769230769230769,3.6153846153846154,0.6923076923076923,0.15384615384615385,0.38461538461538464,2248.230769230769,1624.7692307692307,36.23076923076923,51.53846153846154,0.23076923076923078,1.2307692307692308,3873.0,87.76923076923077,1.4615384615384615,6314.0
31024,Três Marias,4418.833333333333,16.166666666666668,17.5,81.66666666666667,1.0,8.666666666666666,0.0,15.0,261.5,872.5,29.0,10.5,885.0,2793.3333333333335,89.83333333333333,52.333333333333336,39.666666666666664,39.833333333333336,1720.1666666666667,2709.1666666666665,13996.333333333334,5658.0,1194.6666666666667,133.16666666666666,6981.5,29.0,13920.166666666666,4426.666666666667,2688.1666666666665,3323.6666666666665,1772.6666666666667,249.16666666666666,76.5,160.33333333333334,27.833333333333332,624.5,13.833333333333334,255.83333333333334,4.833333333333333,218.0,24.5,50.833333333333336,7.833333333333333,7133122.0,6892.833333333333,135.16666666666666,12.166666666666666,89.83333333333333,81.5,25.833333333333332,0.8333333333333334,5.833333333333333,7.5,5.833333333333333,14.0,14.166666666666666,5.0,0.0,1.1666666666666667,1916.6666666666667,1267.3333333333333,528.3333333333334,602.1666666666666,3.1666666666666665,12.333333333333334,3184.0,1130.5,15.5,2856.0
31025,Curvelo,1218.5555555555557,11.222222222222221,60.111111111111114,62.55555555555556,1.4444444444444444,6.444444444444445,0.0,6.111111111111111,29.444444444444443,174.11111111111111,5.222222222222222,4.444444444444445,97.11111111111111,550.4444444444445,14.777777777777779,14.777777777777779,31.77777777777778,15.88888888888889,483.44444444444446,738.1111111111111,3989.1111111111113,884.6666666666666,359.22222222222223,42.666666666666664,2697.3333333333335,2.4444444444444446,3962.4444444444443,1220.7777777777778,707.6666666666666,955.8888888888889,547.2222222222222,75.0,24.0,40.333333333333336,7.222222222222222,195.33333333333334,4.666666666666667,85.88888888888889,2.2222222222222223,64.77777777777777,8.11111111111111,25.444444444444443,3.111111111111111,1515292.4444444445,3114.8888888888887,35.55555555555556,2.888888888888889,52.77777777777778,40.333333333333336,8.88888888888889,0.6666666666666666,4.222222222222222,7.777777777777778,4.777777777777778,10.0,10.666666666666666,3.888888888888889,0.6666666666666666,0.3333333333333333,229.11111111111111,185.55555555555554,375.1111111111111,416.44444444444446,0.5555555555555556,3.0,414.6666666666667,791.5555555555555,3.5555555555555554,1258.0
31026,Bom Despacho,3427.8571428571427,4.571428571428571,60.785714285714285,42.214285714285715,0.9285714285714286,4.142857142857143,0.07142857142857142,4.571428571428571,216.21428571428572,601.1428571428571,12.571428571428571,2.4285714285714284,740.8571428571429,2005.5714285714287,38.92857142857143,31.928571428571427,9.285714285714286,9.0,1258.4285714285713,2180.285714285714,10775.57142857143,6076.428571428572,726.1428571428571,65.64285714285714,3895.1428571428573,10.785714285714286,10704.357142857143,3437.5714285714284,2190.0,2779.6428571428573,1170.5,156.78571428571428,54.857142857142854,110.85714285714286,21.428571428571427,420.64285714285717,10.0,173.21428571428572,2.2857142857142856,140.5,10.214285714285714,39.42857142857143,10.142857142857142,6577309.571428572,11014.07142857143,62.285714285714285,4.571428571428571,63.42857142857143,38.214285714285715,7.142857142857143,0.0,1.0714285714285714,1.8571428571428572,1.0,4.071428571428571,4.5,0.9285714285714286,0.14285714285714285,0.35714285714285715,1357.857142857143,1687.5714285714287,117.71428571428571,228.42857142857142,0.8571428571428571,9.0,3045.4285714285716,346.14285714285717,9.857142857142858,4504.0
31027,Sete Lagoas,3285.8,9.733333333333333,44.93333333333333,56.0,0.7,6.066666666666666,0.3,8.333333333333334,168.53333333333333,518.7333333333333,18.066666666666666,9.5,627.1,1702.4333333333334,55.03333333333333,45.9,25.666666666666668,22.733333333333334,1265.2666666666667,2024.8,11121.466666666667,3549.8,1016.3666666666667,138.76666666666668,6390.066666666667,11.666666666666666,11073.466666666667,3288.133333333333,2044.5,2807.7,1451.3,159.73333333333332,97.86666666666666,128.26666666666668,25.666666666666668,527.8333333333334,11.033333333333333,245.43333333333334,4.766666666666667,212.83333333333334,19.166666666666668,49.03333333333333,4.766666666666667,6596783.666666667,4440.366666666667,66.76666666666667,5.633333333333334,41.1,23.1,3.7,0.4666666666666667,2.5,4.1,3.7666666666666666,8.9,9.666666666666666,3.033333333333333,0.1,0.6666666666666666,1646.7666666666667,1102.7333333333333,290.43333333333334,221.4,4.666666666666667,7.366666666666666,2749.5,511.8333333333333,12.033333333333333,11483.0
31028,Conceição do Mato Dentro,853.9090909090909,6.090909090909091,90.54545454545455,117.9090909090909,1.8181818181818181,6.909090909090909,0.5454545454545454,9.636363636363637,6.2727272727272725,103.36363636363636,4.181818181818182,14.818181818181818,20.181818181818183,313.8181818181818,12.0,11.909090909090908,16.636363636363637,27.636363636363637,362.1818181818182,493.45454545454544,2904.818181818182,573.6363636363636,318.8181818181818,42.54545454545455,1968.1818181818182,1.6363636363636365,2891.3636363636365,855.0,483.90909090909093,745.6363636363636,437.0,32.0,20.545454545454547,24.363636363636363,5.363636363636363,141.36363636363637,4.0,56.27272727272727,0.9090909090909091,48.18181818181818,7.181818181818182,21.545454545454547,1.0909090909090908,1073290.1818181819,1453.8181818181818,39.90909090909091,5.0,19.363636363636363,21.272727272727273,2.272727272727273,1.0909090909090908,2.909090909090909,5.909090909090909,3.3636363636363638,5.454545454545454,6.090909090909091,4.818181818181818,0.18181818181818182,0.0,287.72727272727275,216.45454545454547,146.72727272727272,187.36363636363637,6.7272727272727275,8.0,504.1818181818182,334.09090909090907,14.727272727272727,844.0
31029,Pará de Minas,4235.5,2.875,51.875,19.75,1.0,1.375,0.125,3.75,280.875,729.75,24.125,5.0,947.5,2510.5,85.0,41.875,8.375,8.0,1514.0,2721.125,13952.25,7555.25,961.125,135.375,5275.625,7.5,13888.375,4234.375,2687.25,3689.875,1709.25,194.875,83.25,160.625,30.375,516.375,8.25,291.875,5.375,206.125,17.875,52.25,3.875,8448105.875,3822.625,68.875,11.125,22.75,35.25,8.125,0.0,0.375,1.0,0.25,2.375,2.875,0.875,0.0,0.125,2432.75,1464.125,162.625,132.375,0.625,5.75,3896.875,295.0,6.375,3534.0
31030,Belo Horizonte,7721.682926829269,7.152439024390244,153.3048780487805,64.60975609756098,1.2560975609756098,32.1219512195122,4.219512195121951,7.871951219512195,206.58536585365854,942.1158536585366,37.640243902439025,10.463414634146341,1603.3475609756097,4028.5304878048782,140.28658536585365,107.15853658536585,17.640243902439025,23.121951219512194,3176.481707317073,4545.59756097561,25007.884146341465,10004.932926829268,2731.1951219512193,291.7743902439024,11897.780487804877,36.573170731707314,24861.51219512195,7716.128048780488,4627.762195121952,5942.378048780488,3180.012195121951,312.1585365853659,191.95731707317074,405.7256097560976,63.11585365853659,962.8780487804878,21.524390243902438,618.2987804878048,15.646341463414634,521.109756097561,82.79268292682927,149.85365853658536,6.945121951219512,22901891.32926829,7161.6036585365855,222.82926829268294,11.835365853658537,58.09756097560975,256.5609756097561,37.079268292682926,0.5,1.6829268292682926,2.932926829268293,2.158536585365854,4.634146341463414,6.2317073170731705,2.4207317073170733,0.6219512195121951,0.5792682926829268,4861.463414634146,1674.939024390244,386.7012195121951,454.7987804878049,3.475609756097561,11.963414634146341,6536.40243902439,841.5,15.439024390243903,127923.0
31031,Itabira,4084.0434782608695,6.260869565217392,104.43478260869566,81.65217391304348,0.9130434782608695,6.260869565217392,1.9130434782608696,11.173913043478262,98.3913043478261,536.9565217391304,14.826086956521738,23.82608695652174,428.7826086956522,1931.391304347826,54.52173913043478,43.43478260869565,15.956521739130435,29.73913043478261,1478.695652173913,2611.086956521739,13837.130434782608,4443.04347826087,1891.4347826086957,152.3913043478261,7336.086956521739,13.565217391304348,13795.91304347826,4088.5652173913045,2633.8695652173915,3669.304347826087,1710.9565217391305,162.0,123.78260869565217,133.30434782608697,33.95652173913044,629.5217391304348,12.347826086956522,272.30434782608694,3.9130434782608696,236.2608695652174,26.434782608695652,58.65217391304348,4.695652173913044,7696745.478260869,4488.739130434783,103.34782608695652,7.869565217391305,29.391304347826086,38.130434782608695,6.130434782608695,0.391304347826087,1.1304347826086956,4.086956521739131,1.565217391304348,3.608695652173913,6.217391304347826,4.434782608695652,0.30434782608695654,0.13043478260869565,1942.608695652174,1646.5652173913043,190.6086956521739,256.0869565217391,3.0434782608695654,18.73913043478261,3589.1739130434785,446.69565217391306,21.782608695652176,10535.0
31032,Itaguara,1288.375,2.0,82.5,37.25,0.75,1.125,0.0,1.75,23.25,231.375,5.5,7.25,80.625,741.25,18.75,7.5,4.0,4.125,450.625,840.125,4010.375,2260.625,343.25,43.875,1360.625,2.0,3990.75,1290.125,810.75,1047.125,433.875,52.125,25.375,34.125,11.25,124.0,2.125,73.75,0.75,59.625,11.375,14.625,1.75,2112764.0,1055.75,26.25,5.875,23.25,26.75,4.25,0.125,0.375,1.125,0.5,1.125,1.875,0.625,0.0,0.0,610.75,288.875,191.125,163.125,0.625,10.125,899.625,354.25,10.75,834.0
31033,Ouro Preto,6410.0,7.571428571428571,429.2857142857143,95.14285714285714,1.4285714285714286,24.428571428571427,1.1428571428571428,25.0,136.0,1139.857142857143,33.0,19.0,506.7142857142857,3714.5714285714284,118.57142857142857,86.0,18.857142857142858,70.71428571428571,2416.5714285714284,3988.1428571428573,21918.14285714286,7798.714285714285,3110.1428571428573,408.57142857142856,10499.142857142857,45.714285714285715,21763.428571428572,6399.0,4022.0,5703.285714285715,2736.1428571428573,278.2857142857143,191.0,243.85714285714286,46.57142857142857,997.7142857142857,19.428571428571427,501.42857142857144,7.142857142857143,390.85714285714283,42.57142857142857,166.0,3.4285714285714284,13217629.285714285,3580.8571428571427,148.71428571428572,15.571428571428571,60.285714285714285,132.14285714285714,29.285714285714285,1.1428571428571428,2.4285714285714284,5.714285714285714,3.4285714285714284,3.857142857142857,6.857142857142857,5.0,0.8571428571428571,0.2857142857142857,3797.714285714286,1371.5714285714287,669.1428571428571,523.8571428571429,4.857142857142857,11.857142857142858,5169.285714285715,1193.0,16.714285714285715,5995.0
31034,Conselheiro Lafaiete,2044.0,2.5,132.25,43.0,0.625,6.625,0.125,4.25,65.375,310.875,5.625,8.25,229.625,985.375,17.625,15.625,6.625,11.5,661.75,1384.375,6739.5,3280.625,580.5,81.0,2793.5,3.875,6717.125,2045.625,1364.625,1818.625,741.625,82.375,51.875,65.375,18.25,236.375,4.5,124.5,1.875,114.25,15.0,31.375,1.625,4297081.0,1500.5,60.625,4.375,21.125,30.5,8.75,0.25,1.0,1.625,1.25,1.875,2.5,1.625,0.0,0.0,1504.75,278.0,109.125,134.5,2.875,9.0,1782.75,243.625,11.875,1629.0
31035,Guanhães,1569.7142857142858,9.357142857142858,330.7857142857143,100.78571428571429,2.0714285714285716,9.714285714285714,0.5714285714285714,8.642857142857142,18.357142857142858,267.92857142857144,7.571428571428571,7.928571428571429,71.0,926.6428571428571,24.928571428571427,17.642857142857142,26.5,22.642857142857142,638.6428571428571,935.4285714285714,5338.214285714285,1528.2857142857142,492.2857142857143,65.5,3246.785714285714,4.642857142857143,5314.142857142857,1572.5,948.1428571428571,1367.5,733.9285714285714,73.14285714285714,36.785714285714285,54.357142857142854,13.857142857142858,260.2142857142857,5.357142857142857,97.14285714285714,2.2142857142857144,97.78571428571429,10.785714285714286,37.714285714285715,3.0,2215377.0714285714,1980.142857142857,59.785714285714285,6.571428571428571,48.285714285714285,26.785714285714285,3.7857142857142856,0.6428571428571429,3.5,7.214285714285714,4.142857142857143,6.785714285714286,9.142857142857142,7.142857142857143,0.7857142857142857,1.2857142857142858,470.35714285714283,676.4285714285714,137.21428571428572,249.5,3.0714285714285716,13.785714285714286,1146.7857142857142,386.7142857142857,16.857142857142858,2525.0
31036,Peçanha,1354.25,14.75,143.625,208.5,2.375,26.5,1.25,10.75,8.0,225.5,7.75,24.75,31.25,719.625,28.875,9.375,43.75,26.25,602.875,753.125,4574.75,1170.0,308.75,29.0,3054.25,1.5,4523.125,1353.875,787.0,1099.5,658.75,73.0,30.125,59.875,11.875,212.625,5.75,94.125,2.875,75.75,11.75,37.625,2.75,1719332.125,1679.0,29.25,11.375,60.125,31.625,6.75,2.625,8.75,13.125,8.375,13.125,14.625,9.25,0.75,1.5,351.25,495.375,169.375,296.0,14.875,16.5,846.625,465.375,31.375,1054.0
31037,Governador Valadares,3104.285714285714,12.028571428571428,256.51428571428573,109.82857142857142,1.0,18.65714285714286,1.2571428571428571,10.514285714285714,59.0,612.2857142857143,16.114285714285714,7.428571428571429,246.42857142857142,2357.7428571428572,55.77142857142857,33.714285714285715,34.371428571428574,29.2,1267.7142857142858,1830.142857142857,10016.0,3235.0,944.8,125.11428571428571,5646.085714285714,13.17142857142857,9921.8,3093.1714285714284,1873.9714285714285,2209.6,1289.4857142857143,180.9142857142857,79.25714285714285,128.5142857142857,29.085714285714285,542.0,16.571428571428573,180.45714285714286,6.2,198.77142857142857,20.571428571428573,60.885714285714286,4.171428571428572,5302649.6,3835.5142857142855,133.25714285714287,6.057142857142857,58.74285714285714,41.457142857142856,10.628571428571428,0.37142857142857144,2.942857142857143,6.6,3.4,8.628571428571428,11.0,3.8857142857142857,0.45714285714285713,0.45714285714285713,1191.9142857142858,1493.8857142857144,97.48571428571428,241.8,0.9714285714285714,6.428571428571429,2685.8,339.2857142857143,7.4,13592.0
31038,Mantena,1850.2857142857142,6.0,127.0,59.57142857142857,0.2857142857142857,8.428571428571429,1.0,10.571428571428571,41.0,387.2857142857143,9.714285714285714,3.4285714285714284,137.57142857142858,1200.0,30.428571428571427,35.857142857142854,17.714285714285715,26.714285714285715,694.5714285714286,1156.5714285714287,5632.142857142857,1949.2857142857142,409.42857142857144,101.42857142857143,3161.714285714286,3.2857142857142856,5586.428571428572,1850.2857142857142,1177.5714285714287,1227.4285714285713,620.0,104.85714285714286,33.42857142857143,78.28571428571429,18.571428571428573,278.14285714285717,5.857142857142857,70.28571428571429,3.857142857142857,86.42857142857143,15.571428571428571,17.714285714285715,2.4285714285714284,2521531.1428571427,2067.1428571428573,74.0,11.285714285714286,87.28571428571429,8.0,2.142857142857143,0.5714285714285714,2.857142857142857,4.0,2.857142857142857,5.142857142857143,5.857142857142857,1.2857142857142858,0.14285714285714285,0.0,996.7142857142857,587.2857142857143,144.0,106.28571428571429,1.7142857142857142,4.142857142857143,1584.0,250.28571428571428,5.857142857142857,1138.0
31039,Ipatinga,4580.115384615385,6.8076923076923075,52.88461538461539,79.1923076923077,0.9615384615384616,12.23076923076923,2.1923076923076925,7.153846153846154,75.5,748.9615384615385,15.692307692307692,8.346153846153847,346.8076923076923,3326.0,65.23076923076923,54.80769230769231,19.26923076923077,18.692307692307693,1472.5384615384614,3102.576923076923,15177.5,5791.115384615385,1505.9615384615386,169.96153846153845,7634.846153846154,21.96153846153846,15077.384615384615,4570.192307692308,3162.8076923076924,4035.0,1571.3846153846155,205.69230769230768,129.73076923076923,141.57692307692307,48.26923076923077,594.0769230769231,10.423076923076923,235.5,4.884615384615385,249.26923076923077,27.884615384615383,83.61538461538461,6.1923076923076925,9561966.23076923,6101.076923076923,141.42307692307693,10.153846153846153,51.73076923076923,62.61538461538461,13.115384615384615,0.3076923076923077,2.1153846153846154,3.6153846153846154,2.1538461538461537,2.9615384615384617,6.576923076923077,0.8461538461538461,0.46153846153846156,1.0384615384615385,2708.3846153846152,1086.1153846153845,391.7307692307692,292.46153846153845,2.6923076923076925,11.346153846153847,3794.5,684.1923076923077,14.038461538461538,13679.0
31040,Caratinga,1869.4444444444443,5.222222222222222,131.44444444444446,84.5,1.2777777777777777,15.722222222222221,0.6666666666666666,6.944444444444445,23.61111111111111,344.0,8.777777777777779,16.444444444444443,85.72222222222223,1215.388888888889,29.555555555555557,15.277777777777779,12.666666666666666,18.11111111111111,619.0,1253.0,6000.222222222223,2191.0555555555557,399.27777777777777,47.5,3358.722222222222,3.5,5955.611111111111,1871.7777777777778,1247.111111111111,1553.388888888889,644.6111111111111,105.33333333333333,36.27777777777778,50.27777777777778,16.333333333333332,255.94444444444446,4.888888888888889,72.0,2.1666666666666665,71.55555555555556,9.88888888888889,15.38888888888889,2.388888888888889,2218825.388888889,2036.6666666666667,79.27777777777777,6.666666666666667,78.66666666666667,45.833333333333336,11.666666666666666,0.5555555555555556,2.6666666666666665,3.3333333333333335,3.111111111111111,3.9444444444444446,5.166666666666667,1.3888888888888888,0.2777777777777778,0.5555555555555556,478.3333333333333,817.5555555555555,220.72222222222223,321.27777777777777,7.555555555555555,20.22222222222222,1295.888888888889,542.0,27.77777777777778,2855.0
31041,Aimorés,2360.4545454545455,5.181818181818182,176.9090909090909,106.45454545454545,0.9090909090909091,6.818181818181818,0.7272727272727273,7.7272727272727275,49.45454545454545,487.3636363636364,11.909090909090908,8.363636363636363,163.72727272727272,1594.909090909091,40.27272727272727,25.09090909090909,10.181818181818182,20.636363636363637,875.5454545454545,1487.8181818181818,7047.909090909091,2876.3636363636365,447.1818181818182,51.63636363636363,3658.4545454545455,12.181818181818182,7004.818181818182,2362.6363636363635,1484.7272727272727,1525.909090909091,774.9090909090909,136.9090909090909,48.36363636363637,86.54545454545455,28.727272727272727,309.45454545454544,9.0,91.45454545454545,4.454545454545454,96.0,16.636363636363637,29.09090909090909,2.8181818181818183,3164751.6363636362,2282.090909090909,96.36363636363636,9.818181818181818,108.54545454545455,26.454545454545453,6.2727272727272725,0.2727272727272727,1.7272727272727273,3.3636363636363638,1.9090909090909092,3.5454545454545454,5.090909090909091,1.6363636363636365,0.18181818181818182,0.0,719.9090909090909,1205.0,91.0909090909091,316.8181818181818,2.0,8.818181818181818,1924.909090909091,407.90909090909093,10.818181818181818,2584.0
31042,Piuí,2433.3333333333335,3.4444444444444446,25.555555555555557,10.777777777777779,0.4444444444444444,1.1111111111111112,0.0,3.111111111111111,143.66666666666666,488.8888888888889,8.88888888888889,1.1111111111111112,479.44444444444446,1516.0,28.11111111111111,13.666666666666666,5.777777777777778,5.555555555555555,914.3333333333334,1525.6666666666667,7125.888888888889,4560.333333333333,428.77777777777777,44.888888888888886,2084.777777777778,7.111111111111111,7078.222222222223,2438.4444444444443,1478.5555555555557,1630.4444444444443,760.4444444444445,100.77777777777777,36.0,95.88888888888889,18.444444444444443,241.88888888888889,5.333333333333333,130.22222222222223,2.4444444444444446,94.44444444444444,14.333333333333334,36.55555555555556,5.111111111111111,4394315.888888889,4864.555555555556,46.111111111111114,6.0,19.88888888888889,7.555555555555555,2.2222222222222223,0.2222222222222222,0.3333333333333333,1.2222222222222223,0.2222222222222222,2.5555555555555554,3.2222222222222223,1.4444444444444444,0.0,0.1111111111111111,1520.0,792.0,41.0,33.333333333333336,0.6666666666666666,0.8888888888888888,2312.0,74.33333333333333,1.5555555555555556,2060.0
31043,Divinópolis,5985.523809523809,2.4761904761904763,35.523809523809526,27.714285714285715,0.7619047619047619,2.238095238095238,0.09523809523809523,6.285714285714286,345.6190476190476,1147.095238095238,25.857142857142858,3.3333333333333335,1263.904761904762,4882.9047619047615,90.76190476190476,36.142857142857146,5.571428571428571,17.428571428571427,2167.1428571428573,3831.9523809523807,19361.95238095238,11168.285714285714,1371.1904761904761,210.85714285714286,6590.714285714285,14.238095238095237,19263.809523809523,5998.0952380952385,3937.4285714285716,5120.619047619048,2025.5238095238096,227.28571428571428,108.42857142857143,229.47619047619048,51.38095238095238,591.7142857142857,9.142857142857142,419.57142857142856,6.666666666666667,328.5238095238095,26.428571428571427,192.52380952380952,13.761904761904763,13393863.523809524,17124.14285714286,106.38095238095238,14.714285714285714,84.76190476190476,50.142857142857146,14.333333333333334,0.2857142857142857,0.7619047619047619,1.3333333333333333,0.7619047619047619,1.8571428571428572,2.238095238095238,0.6666666666666666,0.14285714285714285,0.09523809523809523,2784.5714285714284,2602.285714285714,103.80952380952381,210.04761904761904,0.2857142857142857,6.095238095238095,5386.857142857143,313.85714285714283,6.380952380952381,12911.0
31044,Formiga,4102.4,3.0,55.4,19.6,0.5,3.0,0.0,4.2,187.6,712.3,10.9,1.4,632.0,2399.9,37.4,20.1,5.9,8.4,1343.7,2763.9,12701.5,8177.8,863.8,70.7,3580.2,9.0,12614.3,4106.6,2661.6,3245.6,1305.4,165.0,76.9,130.6,30.3,456.6,7.9,215.1,4.7,149.0,13.6,44.5,4.2,7786824.5,3852.3,74.0,7.9,29.1,19.4,3.1,0.0,0.2,0.5,0.4,2.6,2.8,1.1,0.0,0.1,1836.6,2026.2,79.5,145.6,0.5,2.4,3862.8,225.1,2.9,3696.0
31045,Campo Belo,2612.3333333333335,1.6666666666666667,20.666666666666668,6.666666666666667,0.3333333333333333,1.0,1.3333333333333333,3.3333333333333335,131.66666666666666,440.6666666666667,13.666666666666666,2.0,467.0,1374.3333333333333,40.666666666666664,17.666666666666668,3.0,6.0,848.6666666666666,1768.3333333333333,8183.0,4609.333333333333,887.3333333333334,70.0,2611.0,3.3333333333333335,8140.0,2616.0,1750.6666666666667,2104.3333333333335,781.3333333333334,105.0,59.0,106.0,30.333333333333332,320.0,8.333333333333334,125.0,5.333333333333333,107.33333333333333,7.666666666666667,16.333333333333332,4.333333333333333,4333934.333333333,2893.3333333333335,71.33333333333333,5.0,33.666666666666664,74.33333333333333,17.666666666666668,0.0,0.0,1.0,0.6666666666666666,1.3333333333333333,1.6666666666666667,1.6666666666666667,0.3333333333333333,0.3333333333333333,1365.6666666666667,1102.0,51.666666666666664,77.0,0.0,2.0,2467.6666666666665,128.66666666666666,2.0,710.0
31046,Oliveira,3110.875,3.875,166.5,23.25,0.25,4.25,0.5,4.125,134.25,475.625,10.625,5.625,464.0,1481.5,33.125,26.5,11.0,10.0,1049.0,2068.875,10140.125,5143.5,1154.625,93.125,3745.75,3.125,10096.75,3115.875,1971.5,2650.0,1193.375,113.0,83.375,88.625,25.75,482.375,14.75,177.0,3.875,143.0,12.625,23.5,5.0,4984031.0,3495.5,66.0,6.0,20.625,18.0,1.75,0.25,0.5,1.75,0.75,3.0,3.75,2.25,0.0,0.0,2116.625,812.0,89.0,68.0,0.75,10.125,2928.625,157.0,10.875,2373.0
31047,Passos,3534.4666666666667,2.2666666666666666,86.46666666666667,6.066666666666666,0.3333333333333333,1.0666666666666667,0.0,3.8,225.86666666666667,712.2,17.466666666666665,0.7333333333333333,776.6,2408.733333333333,55.4,23.466666666666665,4.0,8.733333333333333,1138.2666666666667,2397.9333333333334,11167.8,7341.133333333333,820.4,62.46666666666667,2929.9333333333334,7.866666666666666,11107.666666666666,3534.6,2305.5333333333333,2892.866666666667,1094.6666666666667,159.73333333333332,70.8,144.0,35.2,432.8666666666667,9.0,191.26666666666668,5.866666666666666,168.13333333333333,15.4,48.4,2.6,7336524.333333333,3069.4666666666667,64.06666666666666,4.466666666666667,25.533333333333335,35.4,8.066666666666666,0.0,0.2,0.7333333333333333,0.2,1.4666666666666666,2.066666666666667,0.3333333333333333,0.06666666666666667,0.13333333333333333,2727.3333333333335,733.6666666666666,26.4,31.8,0.2,1.0,3461.0,58.2,1.2,5139.0
31048,São Sebastião do Paraíso,4064.0,2.176470588235294,41.64705882352941,11.352941176470589,0.9411764705882353,2.0,0.058823529411764705,4.882352941176471,244.8235294117647,896.5294117647059,30.294117647058822,1.8823529411764706,851.3529411764706,2835.5882352941176,100.41176470588235,30.11764705882353,3.764705882352941,12.352941176470589,1358.3529411764705,2709.176470588235,12605.235294117647,8914.470588235294,553.7647058823529,53.470588235294116,3063.0,8.117647058823529,12526.411764705883,4066.1176470588234,2619.235294117647,3136.3529411764707,1241.235294117647,177.41176470588235,84.23529411764706,196.2941176470588,43.8235294117647,434.52941176470586,8.176470588235293,244.23529411764707,7.294117647058823,179.05882352941177,19.764705882352942,65.76470588235294,3.235294117647059,7658118.529411765,4630.823529411765,76.6470588235294,8.941176470588236,37.94117647058823,75.94117647058823,17.705882352941178,0.5882352941176471,0.17647058823529413,1.1176470588235294,0.7058823529411765,1.7647058823529411,2.0588235294117645,0.9411764705882353,0.0,0.058823529411764705,2696.529411764706,1189.8235294117646,77.47058823529412,78.88235294117646,0.7058823529411765,3.8823529411764706,3886.3529411764707,156.35294117647058,4.588235294117647,6538.0
31049,Alfenas,4218.75,2.0833333333333335,76.41666666666667,11.166666666666666,0.5,4.666666666666667,0.08333333333333333,5.083333333333333,363.8333333333333,786.5833333333334,23.916666666666668,1.4166666666666667,1283.9166666666667,2537.5833333333335,85.58333333333333,25.666666666666668,4.833333333333333,15.583333333333334,1495.0833333333333,2727.25,13456.75,8867.416666666666,977.0,74.0,3521.5,13.0,13396.916666666666,4221.25,2761.75,3514.5833333333335,1386.0,178.75,92.58333333333333,182.25,39.25,529.1666666666666,11.416666666666666,228.83333333333334,5.5,176.33333333333334,18.416666666666668,49.666666666666664,3.8333333333333335,8049913.0,3095.4166666666665,79.91666666666667,6.166666666666667,9.5,15.083333333333334,6.916666666666667,0.16666666666666666,0.08333333333333333,0.4166666666666667,0.08333333333333333,1.3333333333333333,2.0833333333333335,0.6666666666666666,0.0,0.0,2990.4166666666665,1088.6666666666667,60.0,56.166666666666664,0.6666666666666666,5.25,4079.0833333333335,116.16666666666667,5.916666666666667,4501.0
31050,Varginha,4601.909090909091,3.6818181818181817,19.363636363636363,12.409090909090908,0.5,2.1363636363636362,0.13636363636363635,6.0,328.90909090909093,902.9545454545455,26.272727272727273,2.5,1164.5,3107.318181818182,89.81818181818181,35.5,7.818181818181818,12.863636363636363,1590.3181818181818,3017.6363636363635,15128.818181818182,8489.045454545454,1469.3181818181818,95.13636363636364,5064.772727272727,10.227272727272727,15074.818181818182,4605.909090909091,3006.181818181818,3926.3636363636365,1658.0454545454545,202.86363636363637,129.5,187.9090909090909,49.77272727272727,662.4090909090909,14.318181818181818,280.59090909090907,7.7727272727272725,241.36363636363637,22.727272727272727,75.18181818181819,4.136363636363637,9596468.363636363,4616.772727272727,88.0909090909091,6.318181818181818,20.636363636363637,23.363636363636363,6.909090909090909,0.045454545454545456,0.36363636363636365,1.0,0.45454545454545453,1.8636363636363635,3.590909090909091,2.1818181818181817,0.045454545454545456,0.3181818181818182,2918.5,1536.1818181818182,57.68181818181818,58.0,0.6818181818181818,5.045454545454546,4454.681818181818,115.68181818181819,5.7272727272727275,11126.0
31051,Poços de Caldas,4127.590909090909,2.0,48.95454545454545,6.863636363636363,0.36363636363636365,0.7272727272727273,0.09090909090909091,3.727272727272727,217.5909090909091,983.6818181818181,32.95454545454545,1.4090909090909092,858.0909090909091,3476.2272727272725,110.45454545454545,24.454545454545453,5.181818181818182,10.136363636363637,1502.8181818181818,2628.2727272727275,12433.863636363636,9180.363636363636,655.8181818181819,62.54545454545455,2516.909090909091,14.318181818181818,12365.318181818182,4129.636363636364,2634.681818181818,2920.0454545454545,1234.909090909091,158.95454545454547,88.04545454545455,205.4090909090909,43.04545454545455,451.6363636363636,9.954545454545455,221.04545454545453,8.136363636363637,167.36363636363637,23.363636363636363,65.77272727272727,3.3181818181818183,9081443.0,3980.409090909091,103.04545454545455,8.454545454545455,14.181818181818182,5.818181818181818,2.0,0.18181818181818182,0.18181818181818182,0.5,0.18181818181818182,0.7727272727272727,1.8636363636363635,0.5454545454545454,0.0,0.045454545454545456,3096.5454545454545,815.5454545454545,74.13636363636364,65.9090909090909,0.5454545454545454,2.772727272727273,3912.090909090909,140.04545454545453,3.3181818181818183,9967.0
31052,Pouso Alegre,3203.875,2.625,168.08333333333334,8.041666666666666,0.3333333333333333,3.7083333333333335,0.08333333333333333,4.0,167.83333333333334,740.9583333333334,22.625,2.0833333333333335,573.9166666666666,2485.2916666666665,75.54166666666667,19.0,5.541666666666667,9.416666666666666,1144.2083333333333,2066.75,10096.291666666666,7647.291666666667,424.6666666666667,58.208333333333336,1957.75,8.375,10032.875,3208.75,2114.1666666666665,2497.3333333333335,977.125,143.33333333333334,91.125,138.0,31.041666666666668,370.75,9.083333333333334,179.70833333333334,6.083333333333333,169.08333333333334,14.708333333333334,83.33333333333333,4.875,6906292.125,6868.125,57.791666666666664,14.666666666666666,54.666666666666664,24.541666666666668,7.958333333333333,0.08333333333333333,0.7083333333333334,1.0416666666666667,0.7916666666666666,2.0,2.625,1.2916666666666667,0.125,0.375,1864.4166666666667,1057.125,118.83333333333333,146.25,1.7083333333333333,2.75,2921.5416666666665,265.0833333333333,4.458333333333333,8823.0
31053,Santa Rita do Sapucaí,2209.75,1.6666666666666667,40.333333333333336,4.75,0.75,0.4166666666666667,0.08333333333333333,2.5,69.41666666666667,415.9166666666667,14.0,1.4166666666666667,242.5,1377.0833333333333,47.583333333333336,14.666666666666666,3.8333333333333335,4.666666666666667,797.3333333333334,1417.3333333333333,7176.166666666667,5119.333333333333,374.0833333333333,29.083333333333332,1649.5,2.8333333333333335,7115.5,2213.4166666666665,1421.25,1850.8333333333333,747.3333333333334,81.58333333333333,63.75,99.75,22.083333333333332,300.75,5.916666666666667,148.08333333333334,3.75,110.16666666666667,13.5,37.833333333333336,4.166666666666667,4102853.8333333335,4573.083333333333,50.083333333333336,5.833333333333333,25.833333333333332,7.166666666666667,1.5,0.0,0.16666666666666666,0.5,0.16666666666666666,0.9166666666666666,1.1666666666666667,1.25,0.0,0.08333333333333333,1138.5,912.6666666666666,61.833333333333336,53.416666666666664,0.08333333333333333,0.9166666666666666,2051.1666666666665,115.25,1.0,2835.0
31054,São Lourenço,2940.1428571428573,2.0,62.142857142857146,14.428571428571429,0.5714285714285714,2.142857142857143,0.07142857142857142,6.0,145.0,511.7857142857143,23.714285714285715,2.5714285714285716,516.2857142857143,1701.5714285714287,77.5,25.714285714285715,3.4285714285714284,12.357142857142858,1131.4285714285713,1814.0714285714287,9150.857142857143,6582.857142857143,524.0,27.928571428571427,2001.5714285714287,6.0,9082.714285714286,2940.3571428571427,1818.0,2167.6428571428573,1023.3571428571429,125.07142857142857,86.64285714285714,114.42857142857143,29.285714285714285,405.2142857142857,9.785714285714286,176.0,4.428571428571429,133.71428571428572,16.0,29.285714285714285,3.642857142857143,5529101.357142857,4682.071428571428,66.35714285714286,9.857142857142858,35.92857142857143,20.285714285714285,6.071428571428571,0.21428571428571427,0.2857142857142857,0.8571428571428571,0.7142857142857143,1.0714285714285714,1.9285714285714286,0.5,0.14285714285714285,0.2857142857142857,1921.0714285714287,717.2857142857143,140.92857142857142,113.14285714285714,2.0,4.071428571428571,2638.3571428571427,254.07142857142858,6.071428571428571,4847.0
31055,Andrelândia,1220.1818181818182,1.5454545454545454,105.81818181818181,13.0,0.5454545454545454,1.5454545454545454,0.09090909090909091,2.909090909090909,20.545454545454547,173.63636363636363,7.363636363636363,2.0,71.36363636363636,520.6363636363636,23.727272727272727,16.818181818181817,2.090909090909091,4.909090909090909,462.27272727272725,761.5454545454545,3734.0,2345.090909090909,372.09090909090907,26.818181818181817,985.8181818181819,4.181818181818182,3709.0,1223.1818181818182,731.4545454545455,891.6363636363636,436.0,51.18181818181818,26.90909090909091,34.0,9.454545454545455,159.0,4.363636363636363,71.36363636363636,0.7272727272727273,54.54545454545455,4.818181818181818,13.272727272727273,3.0,1750883.5454545454,3171.818181818182,40.0,4.818181818181818,18.09090909090909,10.090909090909092,1.6363636363636365,0.45454545454545453,0.5454545454545454,1.1818181818181819,0.7272727272727273,1.2727272727272727,1.5454545454545454,1.1818181818181819,0.0,0.0,566.4545454545455,504.72727272727275,56.0,86.54545454545455,0.2727272727272727,2.0,1071.1818181818182,142.54545454545453,2.272727272727273,1113.0
31056,Itajubá,2941.714285714286,2.7142857142857144,55.92857142857143,11.428571428571429,0.7142857142857143,0.42857142857142855,0.0,5.214285714285714,119.64285714285714,542.7857142857143,28.785714285714285,2.4285714285714284,444.0,2038.2857142857142,117.78571428571429,50.57142857142857,4.642857142857143,14.071428571428571,1062.357142857143,1883.2857142857142,9471.92857142857,7277.642857142857,406.7142857142857,33.642857142857146,1743.5714285714287,5.0,9392.857142857143,2943.714285714286,1856.0714285714287,2424.3571428571427,1008.6428571428571,112.71428571428571,82.07142857142857,116.28571428571429,29.714285714285715,396.7857142857143,6.642857142857143,186.78571428571428,3.142857142857143,149.64285714285714,12.785714285714286,64.14285714285714,3.7857142857142856,6407320.071428572,4438.0,66.64285714285714,7.785714285714286,23.428571428571427,15.071428571428571,6.714285714285714,0.14285714285714285,0.14285714285714285,0.35714285714285715,0.14285714285714285,0.7142857142857143,2.5714285714285716,1.3571428571428572,0.0,0.0,1757.5,962.4285714285714,95.92857142857143,71.85714285714286,0.5714285714285714,2.0,2719.9285714285716,167.78571428571428,2.5714285714285716,4479.0
31057,Lavras,3395.25,3.9166666666666665,19.833333333333332,24.75,0.6666666666666666,5.75,0.16666666666666666,4.25,228.41666666666666,566.25,14.416666666666666,2.6666666666666665,778.75,2047.4166666666667,48.083333333333336,17.916666666666668,8.5,9.833333333333334,1251.1666666666667,2148.3333333333335,10849.666666666666,5709.666666666667,1397.4166666666667,144.0,3581.9166666666665,15.166666666666666,10796.0,3397.5,2138.3333333333335,2702.3333333333335,1205.3333333333333,140.66666666666666,90.41666666666667,142.91666666666666,32.083333333333336,479.8333333333333,12.333333333333334,205.83333333333334,4.083333333333333,165.75,14.416666666666666,61.083333333333336,2.75,7316115.083333333,3348.3333333333335,86.66666666666667,4.666666666666667,16.25,21.333333333333332,4.083333333333333,0.08333333333333333,0.4166666666666667,1.3333333333333333,0.5,2.75,3.9166666666666665,2.6666666666666665,0.4166666666666667,0.3333333333333333,1984.3333333333333,1198.75,57.916666666666664,114.16666666666667,0.4166666666666667,5.5,3183.0833333333335,172.08333333333334,5.916666666666667,4054.0
31058,São João del Rei,2830.764705882353,3.3529411764705883,52.35294117647059,34.470588235294116,0.35294117647058826,4.588235294117647,0.35294117647058826,6.588235294117647,73.3529411764706,444.94117647058823,8.176470588235293,3.235294117647059,251.58823529411765,1468.2941176470588,30.529411764705884,19.176470588235293,8.529411764705882,14.882352941176471,1095.4117647058824,1739.6470588235295,8820.058823529413,5063.588235294118,718.2941176470588,63.64705882352941,2966.0588235294117,7.764705882352941,8784.235294117647,2833.5882352941176,1730.8823529411766,2109.176470588235,1042.8235294117646,101.76470588235294,78.82352941176471,110.3529411764706,20.0,377.3529411764706,8.823529411764707,188.47058823529412,4.647058823529412,131.58823529411765,12.294117647058824,33.23529411764706,3.1176470588235294,5024079.94117647,2805.529411764706,56.35294117647059,8.411764705882353,28.058823529411764,22.823529411764707,5.0588235294117645,0.4117647058823529,0.47058823529411764,1.5294117647058822,0.8823529411764706,2.3529411764705883,3.176470588235294,1.8235294117647058,0.17647058823529413,0.11764705882352941,1118.235294117647,1182.8823529411766,183.0,336.29411764705884,0.6470588235294118,4.882352941176471,2301.1176470588234,519.2941176470588,5.529411764705882,5545.0
31059,Barbacena,3354.0666666666666,2.466666666666667,205.86666666666667,44.333333333333336,0.7333333333333333,4.066666666666666,0.6666666666666666,7.933333333333334,54.46666666666667,501.8666666666667,13.933333333333334,5.6,262.06666666666666,1825.7333333333333,48.266666666666666,26.533333333333335,5.0,16.733333333333334,1307.1333333333334,2050.6666666666665,10659.4,6315.733333333334,848.2,65.06666666666666,3418.733333333333,10.533333333333333,10577.6,3356.6,2035.8,2593.9333333333334,1313.0666666666666,119.8,96.53333333333333,133.8,27.533333333333335,448.0,8.666666666666666,213.4,4.4,166.53333333333333,12.133333333333333,39.06666666666667,2.8,6459943.266666667,2767.133333333333,88.0,6.066666666666666,62.2,35.2,6.133333333333334,0.06666666666666667,0.8666666666666667,1.8,0.8666666666666667,1.0666666666666667,2.466666666666667,1.7333333333333334,0.26666666666666666,0.13333333333333333,1896.8,1058.3333333333333,193.26666666666668,183.8,2.6666666666666665,9.266666666666667,2955.133333333333,377.06666666666666,11.933333333333334,5268.0
31060,Ponte Nova,2070.2,4.3,168.3,42.4,0.55,11.15,0.75,10.45,52.4,366.05,10.8,4.05,216.75,1358.8,37.45,30.35,11.05,26.2,781.5,1276.25,6620.55,2283.15,916.85,90.7,3254.5,6.1,6521.4,2049.35,1268.6,1560.9,789.55,94.35,57.15,74.15,21.85,327.6,8.75,114.45,3.3,114.35,12.45,23.4,2.5,3215295.6,1968.85,51.05,6.15,26.45,10.1,1.55,0.55,1.15,2.55,1.2,2.45,4.25,1.55,0.35,0.1,974.5,748.5,144.7,158.7,0.9,5.2,1723.0,303.4,6.1,4702.0
31061,Manhuaçu,2662.9473684210525,3.8421052631578947,453.4736842105263,43.1578947368421,1.105263157894737,26.0,1.3157894736842106,7.526315789473684,25.0,531.8421052631579,21.42105263157895,6.368421052631579,102.84210526315789,2169.0526315789475,78.36842105263158,11.894736842105264,10.052631578947368,17.842105263157894,860.2105263157895,1807.3157894736842,8547.0,3993.315789473684,716.6315789473684,79.42105263157895,3749.5789473684213,7.578947368421052,8501.78947368421,2666.7894736842104,1767.5263157894738,2239.4736842105262,898.6842105263158,156.73684210526315,53.68421052631579,92.6842105263158,27.36842105263158,310.63157894736844,6.052631578947368,116.47368421052632,3.5789473684210527,110.3157894736842,13.894736842105264,39.26315789473684,4.0,4132251.5789473685,6956.210526315789,72.0,19.68421052631579,61.73684210526316,30.263157894736842,10.68421052631579,0.631578947368421,1.736842105263158,2.3157894736842106,1.894736842105263,2.6842105263157894,3.736842105263158,1.894736842105263,0.05263157894736842,0.2631578947368421,1221.7894736842106,864.8421052631579,257.10526315789474,267.2105263157895,3.526315789473684,10.263157894736842,2086.6315789473683,524.3157894736842,13.789473684210526,4976.0
31062,Viçosa,2049.1,2.75,249.25,29.4,0.85,4.8,0.1,6.45,30.55,252.05,5.15,2.95,169.9,1208.45,21.85,19.65,6.35,14.25,785.6,1267.35,6497.25,3090.05,827.4,50.0,2522.1,6.9,6465.7,2051.25,1288.2,1657.7,717.9,69.05,46.2,77.55,18.45,257.0,6.3,113.65,2.7,100.75,12.4,42.5,2.15,3883915.45,2304.5,51.8,8.35,23.1,4.75,2.55,0.45,0.75,2.0,1.05,2.0,2.75,1.7,0.0,0.0,994.2,750.45,141.8,154.25,1.9,4.35,1744.65,296.05,6.25,4034.0
31063,Muriaé,2586.8695652173915,1.7391304347826086,186.1304347826087,20.52173913043478,0.9130434782608695,2.9130434782608696,0.2608695652173913,4.739130434782608,72.26086956521739,540.4347826086956,15.91304347826087,2.9565217391304346,274.9130434782609,1988.4782608695652,55.0,12.130434782608695,3.4347826086956523,9.695652173913043,869.4782608695652,1718.5652173913043,7861.913043478261,4216.130434782609,746.304347826087,74.0,2803.2608695652175,5.695652173913044,7796.913043478261,2584.2608695652175,1667.1739130434783,1849.4782608695652,811.7391304347826,136.3913043478261,58.91304347826087,90.0,28.73913043478261,281.2608695652174,7.3478260869565215,112.47826086956522,3.0434782608695654,110.95652173913044,14.0,37.17391304347826,2.9130434782608696,4361595.260869565,2281.782608695652,70.56521739130434,13.826086956521738,45.21739130434783,18.043478260869566,5.782608695652174,0.2608695652173913,0.43478260869565216,0.9565217391304348,0.4782608695652174,0.8695652173913043,1.7391304347826086,0.7391304347826086,0.043478260869565216,0.0,1545.6521739130435,742.9130434782609,142.95652173913044,134.56521739130434,1.0434782608695652,7.304347826086956,2288.5652173913045,277.5217391304348,8.347826086956522,5830.0
31064,Ubá,3152.478260869565,2.5217391304347827,166.2608695652174,34.21739130434783,0.2608695652173913,1.8695652173913044,0.5652173913043478,5.608695652173913,77.47826086956522,662.5217391304348,19.26086956521739,2.347826086956522,283.5217391304348,2479.4347826086955,62.78260869565217,24.08695652173913,5.695652173913044,12.347826086956522,1111.5652173913043,2043.304347826087,9846.739130434782,5207.478260869565,1065.2608695652175,86.47826086956522,3467.782608695652,10.347826086956522,9798.173913043478,3153.304347826087,2021.2173913043478,2349.0434782608695,1072.7391304347825,157.82608695652175,83.65217391304348,129.69565217391303,36.56521739130435,359.2173913043478,8.391304347826088,179.6086956521739,5.086956521739131,155.7826086956522,18.08695652173913,65.0,3.782608695652174,5521246.956521739,3369.8260869565215,59.91304347826087,18.869565217391305,33.04347826086956,20.217391304347824,9.08695652173913,0.21739130434782608,0.17391304347826086,0.9130434782608695,0.30434782608695654,1.173913043478261,2.391304347826087,0.8695652173913043,0.0,0.043478260869565216,1916.391304347826,765.0,258.82608695652175,169.91304347826087,2.3043478260869565,9.26086956521739,2681.391304347826,428.7391304347826,11.565217391304348,8111.0
31065,Juiz de Fora,5090.818181818182,3.0681818181818183,232.4318181818182,19.954545454545453,0.6818181818181818,9.477272727272727,0.7727272727272727,9.431818181818182,95.22727272727273,685.0909090909091,28.681818181818183,7.7727272727272725,681.9545454545455,3266.6136363636365,101.29545454545455,69.3409090909091,7.159090909090909,23.90909090909091,2150.75,2930.8636363636365,15450.295454545454,8691.045454545454,2216.090909090909,106.02272727272727,4330.090909090909,17.477272727272727,15297.5,5071.409090909091,2989.75,3393.3636363636365,1907.7727272727273,202.36363636363637,131.6818181818182,217.11363636363637,50.34090909090909,621.5227272727273,16.0,304.8181818181818,7.636363636363637,260.04545454545456,25.977272727272727,83.5,4.5,12016168.704545455,5451.659090909091,105.52272727272727,9.068181818181818,33.22727272727273,31.977272727272727,7.704545454545454,0.11363636363636363,0.3181818181818182,1.0681818181818181,0.8181818181818182,1.7045454545454546,2.9318181818181817,2.0,0.022727272727272728,0.3409090909090909,3929.4772727272725,607.9318181818181,313.9318181818182,140.20454545454547,3.75,3.8863636363636362,4537.409090909091,454.1363636363636,7.636363636363637,23295.0
31066,Cataguases,2774.866666666667,3.1333333333333333,384.46666666666664,32.2,0.4,2.933333333333333,0.5333333333333333,7.8,109.93333333333334,512.8666666666667,14.733333333333333,3.4,379.8,1794.0,51.2,28.533333333333335,6.066666666666666,18.866666666666667,1131.6,1646.4666666666667,8481.266666666666,4188.8,1542.7333333333333,62.06666666666667,2671.3333333333335,5.666666666666667,8451.8,2777.3333333333335,1704.0666666666666,1835.8,998.2,134.0,86.6,118.66666666666667,34.93333333333333,389.8666666666667,8.8,162.0,4.733333333333333,143.6,15.4,38.06666666666667,2.8666666666666667,4653281.0,2130.6,68.8,12.2,30.6,15.133333333333333,3.4,0.0,0.8666666666666667,1.6666666666666667,0.9333333333333333,1.7333333333333334,3.066666666666667,1.0666666666666667,0.06666666666666667,0.06666666666666667,1323.5333333333333,1083.6,174.4,185.53333333333333,1.0666666666666667,5.733333333333333,2407.133333333333,359.93333333333334,6.8,4825.0
