COD_MUNICIPIO,NOME_MUNICIPIO,Soma_V002.x,Soma_V023.x,Soma_V037,Soma_V038,Soma_V039,Soma_V040,Soma_V041.x,Soma_V046,Soma_V101,Soma_V102,Soma_V103,Soma_V233,Soma_V007.x,Soma_V008.x,Soma_V009.x,Soma_V011.x,Soma_V023.y,Soma_V041.y,Soma_V001.x,Soma_V109,Soma_V001.y,Soma_V002.y,Soma_V003.x,Soma_V004.x,Soma_V005.x,Soma_V006.x,Soma_V002.x.x,Soma_V003.y,Soma_V004.y,Soma_V005.y,Soma_V006.y,Soma_V007.y,Soma_V008.y,Soma_V009.y,Soma_V010,Soma_V011.y,Soma_V012,Soma_V013,Soma_V014.x,Soma_V015,Soma_V016,Soma_V017.x,Soma_V001,Soma_V002.y.y,Soma_V004,Soma_V014.y,Soma_V011,Soma_V017.y,Soma_V050,Soma_V052,Soma_V113,Soma_V119,Soma_V125,Soma_V131,Soma_V137,Soma_V143,Soma_V149,Soma_V154,Soma_V160,Soma_V202,Soma_V203,Soma_V204,Soma_V205,Soma_V206,Soma_V207,Soma_soma_V202eV203,Soma_soma_V204eV205,Soma_soma_V206eV207,DEFICIT_TOTAL
3101607,ALFENAS,21828,11,112,49,0,12,0,26,1736,4725,122,6,6031,14924,431,104,33,76,8200,13643,69176,47076,4712,438,16805,108,68950,21840,13878,17080,7679,968,538,1112,209,2845,64,1251,35,1025,108,306,24,46874090,16910,336,36,38,121,67,1,0,0,0,5,11,1,0,0,18287,3154,159,160,3,26,21441,319,29,2276.0
3103504,ARAGUARI,32984,32,85,227,4,13,0,40,2459,7849,290,17,8284,24995,989,322,71,85,12035,21015,102583,61533,6474,819,33597,83,102084,33029,21012,22761,10996,2040,917,1555,372,5265,196,1633,66,1677,136,420,48,70868943,47839,548,34,488,59,21,0,7,13,11,30,31,2,0,4,23388,6104,1639,1660,7,67,29492,3299,74,3861.0
3104007,ARAXÁ,28807,17,156,109,32,8,0,24,2286,5589,252,34,7721,18776,811,191,33,60,9717,19029,92284,55016,8123,1204,27178,159,91276,28661,18306,21431,10293,1508,959,1017,334,4499,105,1672,47,1717,112,605,39,68097736,48612,628,13,29,85,21,0,1,4,0,11,17,3,1,2,20656,6185,290,247,2,1,26841,537,3,3865.0
3105608,BARBACENA,36493,22,756,395,4,36,6,78,448,5706,160,44,2618,21582,564,314,49,163,15035,21490,115568,71055,9156,722,34505,113,114546,36512,21584,27119,14841,1225,1027,1660,297,4892,107,2487,48,1953,142,516,23,77741224,26827,1039,36,686,320,62,0,10,17,10,12,22,18,2,1,21984,10783,1834,1708,27,84,32767,3542,111,4022.0
3106200,BELO HORIZONTE,762075,490,12886,792,15,2493,214,291,9001,90778,1662,266,145329,438514,7606,11735,1152,786,332184,430042,2375151,1108463,240585,25227,993142,3464,2363472,761624,429259,526656,305819,23650,17554,42423,5935,89513,2183,66492,1610,52945,9474,19938,677,2834302008,711434,19689,807,1582,7963,1525,25,37,99,74,252,384,161,16,35,573734,119803,21221,14813,33,221,693537,36034,254,77056.0
3106705,BETIM,111764,127,1669,758,14,478,14,132,3697,15875,903,134,23722,56485,2819,809,316,408,40511,70794,375331,123440,40279,3041,205083,491,371022,110989,74344,98338,44421,6568,2668,4796,949,12653,238,6383,181,6719,823,1066,100,201206540,105407,3553,193,570,6549,991,11,22,54,24,74,125,40,12,22,57281,36850,6927,8944,79,140,94131,15871,219,10942.0
3122306,DIVINÓPOLIS,64821,28,285,394,13,31,1,50,3235,10219,352,39,12312,46221,1214,370,61,129,24289,40640,207516,127246,16177,2224,61687,182,206606,64923,42041,55445,22534,2017,1163,2470,548,6863,105,3897,82,2841,190,1451,102,154320374,105344,1230,146,1266,747,171,3,10,13,9,18,23,4,1,0,23944,31972,1117,2603,2,58,55916,3720,60,6610.0
3126109,FORMIGA,19325,8,211,80,2,19,0,15,830,3264,22,4,2757,11344,78,87,17,29,6748,12592,59487,38931,3631,331,16536,58,58961,19337,12212,14593,6632,779,355,664,145,2147,32,1063,25,735,59,173,12,38231610,11390,377,42,122,115,17,0,1,1,0,8,7,5,0,1,10530,7741,527,482,1,3,18271,1009,4,1743.0
3127701,GOVERNADOR VALADARES,78782,232,3172,1322,10,209,17,148,1880,16234,382,155,7960,65602,1375,804,654,388,31634,46855,253300,86126,23539,3206,138301,334,250570,78332,47903,56453,31736,4242,2050,3427,792,12649,396,4744,167,5101,401,1733,80,150744710,71548,2944,83,1052,818,249,3,48,102,58,161,210,84,7,9,34087,38336,1178,3022,11,68,72423,4200,79,10424.0
3129806,IBIRITÉ,46130,57,277,446,7,71,206,77,1675,5418,118,41,7438,18761,441,244,160,230,17602,28574,158590,49303,18956,2389,87774,168,158372,46176,31019,43445,18309,2351,1063,2988,397,5306,86,3731,115,2853,419,208,46,67162002,34797,1908,174,285,4492,567,14,15,27,22,43,57,39,15,8,19525,17989,3784,4659,13,49,37514,8443,62,4060.0
3131307,IPATINGA,72190,65,302,93,3,45,13,75,729,13008,260,20,3980,60886,1161,533,186,208,22301,49886,236968,97112,19587,1912,117628,301,235662,72138,49936,62246,23906,3138,1981,2130,790,9026,150,3670,58,4058,465,1686,70,165753401,80849,2008,155,128,437,146,0,1,10,2,6,64,7,7,5,49882,13017,6387,1879,28,9,62899,8266,37,8938.0
3131703,ITABIRA,29467,48,781,338,3,16,0,79,846,3134,81,70,4131,11572,302,472,127,251,10751,18740,102316,29799,13370,1150,57907,90,102150,29488,18862,27342,13560,1070,978,839,225,4944,100,2131,28,1864,215,461,21,64172835,32717,674,37,100,296,26,5,7,31,9,24,48,41,2,1,15425,11871,895,1016,11,31,27296,1911,42,3431.0
3132404,ITAJUBÁ,25593,19,407,54,1,1,0,40,1148,5062,292,8,4371,20304,1238,518,29,111,9320,16304,82764,62963,4032,317,15400,40,82120,25619,16089,20812,8987,1011,777,1023,259,3565,66,1647,28,1362,147,729,30,64280506,40610,565,61,203,117,60,1,1,2,0,5,18,3,0,0,17798,6360,450,365,2,13,24158,815,15,3039.0
3133808,ITAÚNA,25022,5,20,18,0,4,0,15,1896,4395,80,4,6680,16703,283,182,8,34,8871,16191,80451,46871,5767,686,27016,54,79917,25060,16334,21166,8739,939,526,1002,240,2661,54,1630,29,1165,99,322,41,56529249,49152,463,17,15,30,16,0,0,2,1,2,5,2,0,1,21792,2794,296,104,2,3,24586,400,5,2447.0
3134202,ITUIUTABA,30865,60,28,210,5,28,2,57,1446,8236,212,23,4743,25900,669,316,161,108,11329,19607,93125,52794,7243,652,32343,76,92689,30931,19305,19585,9275,1911,790,1565,407,4712,176,1600,82,1775,95,562,71,65030374,77061,723,19,500,40,29,3,13,25,13,41,58,6,1,4,19841,9859,473,454,12,18,29700,927,30,4020.0
3135100,JANAÚBA,16674,166,868,896,4,262,3,79,392,2467,104,33,1454,8520,395,222,556,224,5668,11047,60570,16751,7033,459,36195,131,60294,16711,11052,17406,7287,882,491,526,132,3427,79,960,23,989,117,195,37,25175926,24775,433,64,982,417,75,11,132,153,151,162,166,74,10,7,1013,1900,2379,11314,2,44,2913,13693,46,1962.0
3136207,JOÃO MONLEVADE,22057,18,132,153,3,21,1,24,385,3053,73,24,1950,12253,252,136,48,57,7442,14646,73277,28115,9879,658,34551,74,73080,22076,14521,19271,8811,771,619,668,194,3067,71,1319,20,1155,82,392,19,45060913,15235,450,12,62,31,6,0,2,15,3,6,18,15,1,0,12845,7261,956,884,5,18,20106,1840,23,2492.0
3136702,JUIZ DE FORA,168666,94,5264,311,14,381,5,263,3094,21073,901,257,26009,110913,3263,2493,234,775,73499,95048,510378,290131,74753,3426,139278,623,506153,168296,98452,111194,63461,6459,4282,7728,1700,20033,514,10322,268,8747,825,3233,127,443455378,182827,3307,228,736,1103,271,1,4,26,24,54,90,64,0,13,141098,13449,8445,2256,123,64,154547,10701,187,17118.0
3138203,LAVRAS,27641,21,177,127,4,58,1,21,2145,5147,85,17,7251,19459,283,108,49,55,10307,17370,87856,47374,11510,1014,27803,149,87416,27655,17282,21232,9979,1116,754,1163,262,3824,102,1726,33,1434,140,659,16,68560660,24942,570,40,94,96,29,0,2,5,2,15,21,15,1,1,17502,9095,355,457,3,43,26597,812,46,2816.0
3139409,MANHUAÇU,20007,30,1570,325,8,232,1,43,125,3884,163,45,689,18817,608,41,77,122,6675,13362,64839,31507,5805,592,26850,85,64605,20035,13364,17071,6629,1146,411,758,201,2384,41,988,31,970,111,442,28,36486179,31980,406,252,464,167,79,11,16,22,22,23,28,15,0,0,11450,4858,1958,1174,34,87,16308,3132,121,2252.0
3143302,MONTES CLAROS,98572,338,1050,1242,8,197,3,285,2761,15288,253,861,11976,56808,891,641,874,762,36671,62065,344427,111362,26260,3702,202284,595,343062,98710,61917,92891,41495,4108,3109,3547,716,16243,365,8186,128,7393,755,2411,139,195477346,116461,2396,181,2014,1252,243,29,147,181,157,307,317,179,16,27,40980,48589,2586,4376,16,698,89569,6962,714,11396.0
3143906,MURIAÉ,30413,26,338,141,7,18,1,52,1242,5828,132,16,4774,23398,475,127,54,114,10008,20426,93225,50919,8536,703,32995,72,92629,30433,19846,22452,9437,1533,749,1094,356,3108,68,1331,33,1392,147,544,20,59593963,17324,519,75,200,85,44,3,5,13,5,11,26,8,0,0,22271,5592,1693,724,18,59,27863,2417,77,3146.0
3144805,NOVA LIMA,23685,17,420,50,9,9,0,34,443,3353,392,12,2282,11575,1563,196,36,96,8836,14866,79232,29639,7896,698,40878,99,78940,23692,15088,19881,9896,765,714,1062,177,3261,75,1749,41,1570,167,414,13,105906484,11997,681,41,260,380,110,2,3,6,4,12,17,4,0,0,15023,4875,1558,689,3,5,19898,2247,8,2787.0
3145208,NOVA SERRANA,20617,17,363,43,0,5,1,60,1464,5982,38,11,5219,26665,157,126,41,184,7335,13396,69695,29755,4299,1099,34506,36,69346,20727,13997,17355,6830,1066,390,786,162,1632,21,2284,11,2125,207,1884,110,42137402,139671,280,107,242,83,52,3,6,12,6,17,17,7,1,0,7730,11232,550,1023,2,28,18962,1573,30,2561.0
3147006,PARACATU,20577,92,646,100,2,8,2,57,648,3581,137,14,2153,12829,493,114,263,175,7943,12673,73772,19254,11414,876,42114,93,73500,20611,13216,19563,9923,1378,544,793,162,3821,72,1543,32,1364,136,393,40,41991269,44949,474,24,120,245,44,0,7,61,12,70,92,64,3,9,7790,9179,999,2547,4,31,16969,3546,35,2472.0
3147105,PARÁ DE MINAS,24189,16,9,64,6,5,0,19,1904,4151,116,18,6365,14388,417,191,45,37,8600,15585,79599,43960,4707,821,29962,37,79325,24180,15425,21223,9568,1106,480,1014,171,2750,37,1720,30,1212,99,298,22,49371564,24453,318,33,65,92,20,0,2,4,1,13,16,5,0,0,14626,8335,333,591,0,25,22961,924,25,2553.0
3147907,PASSOS,31601,17,1021,49,0,14,0,31,1887,6604,132,10,6517,23518,429,234,35,85,10803,20802,100842,62914,8928,579,28280,71,100335,31594,20200,25479,10461,1342,698,1456,348,4277,106,1900,64,1747,181,477,21,71348311,26470,619,37,272,416,95,0,2,5,2,14,15,4,1,1,27242,3923,132,122,1,12,31165,254,13,3375.0
3148004,PATOS DE MINAS,41828,28,128,192,2,12,1,32,3309,8381,150,10,11549,28616,540,430,56,61,15230,26569,127724,74972,5367,1147,45606,65,126885,41715,26504,31585,13506,1654,732,1613,380,4261,92,2222,50,1725,136,663,48,92859118,55855,996,32,90,32,15,3,5,7,5,25,28,9,0,0,30247,9410,583,354,2,11,39657,937,13,4470.0
3148103,PATROCÍNIO,22306,22,571,154,20,21,1,35,2234,4955,176,53,7946,16676,610,154,46,86,7567,14755,72758,42875,5700,662,23436,43,72130,22320,14788,18959,7464,1249,429,936,192,2721,62,1322,30,1159,96,415,25,44518472,21999,452,15,87,165,54,0,4,6,3,17,22,4,0,1,9908,10723,534,958,1,32,20631,1492,33,2331.0
3149309,PEDRO LEOPOLDO,14944,11,111,100,2,36,1,14,879,2080,91,13,3663,7737,296,143,18,32,5312,9666,49953,15563,4486,404,29439,61,49762,14978,9646,12581,6264,744,453,599,150,2323,52,940,17,853,111,117,34,32582582,28378,252,13,85,9,0,0,2,1,1,9,11,1,0,0,6596,3337,1863,2686,6,9,9933,4549,15,1789.0
3151800,POÇOS DE CALDAS,49390,17,242,29,1,7,0,19,2553,11709,270,9,11246,45124,929,161,57,57,18831,30589,148722,105519,9699,853,32413,222,148182,49408,31232,34125,15124,1906,1058,2602,528,5792,122,2706,99,2111,342,927,23,120423231,22085,1395,24,48,36,14,0,0,4,0,7,17,5,0,0,43691,4967,474,196,2,9,48658,670,11,6073.0
3152105,PONTE NOVA,16007,27,462,113,2,27,0,68,389,2886,78,7,1878,12207,301,251,68,134,6158,9542,51185,18961,7550,533,22706,50,49663,15551,9553,11533,6259,734,456,561,164,2581,66,901,18,926,79,232,11,30636389,10020,255,25,118,55,13,3,4,10,4,18,27,8,3,1,9437,4560,699,804,2,22,13997,1503,24,2112.0
3152501,POUSO ALEGRE,37038,24,1013,42,0,80,1,39,2890,8312,128,8,9771,29808,513,246,60,105,13118,23978,119590,88321,6174,711,24265,119,118760,37088,24317,30176,11758,1650,1179,1497,377,4758,123,2099,54,2184,154,1296,50,94471337,67303,550,53,362,431,145,0,6,5,4,21,24,16,3,4,24043,11615,605,703,3,8,35658,1308,11,4610.0
3154606,RIBEIRÃO DAS NEVES,84496,102,3643,1550,26,879,98,172,5801,10312,488,176,24094,35132,1754,1049,261,549,31998,52577,294153,78135,40429,5182,169723,677,289691,84569,55628,75648,37678,4987,2280,4122,737,11227,219,5819,172,5404,725,622,76,117824851,86226,3105,116,2654,9626,1380,4,37,56,38,78,93,25,22,10,29795,27979,7958,12933,63,151,57774,20891,214,8370.0
3156700,SABARÁ,35503,89,1664,957,15,244,50,89,343,3852,82,136,2486,13858,254,352,207,256,14621,20881,123084,34471,19104,1991,67325,126,122825,35494,22042,31265,17131,1745,1162,1635,269,6008,160,2779,82,2390,370,276,11,64475153,16155,1351,65,503,1095,115,5,30,57,35,66,84,25,1,4,20722,9309,2109,1974,33,83,30031,4083,116,3925.0
3157807,SANTA LUZIA,58191,53,1126,1502,25,150,24,99,3507,5693,327,402,21988,20463,1173,1129,145,316,23463,34769,202378,56132,27561,2300,116114,271,201657,58225,36886,50977,27922,2957,1893,3057,534,9217,166,4678,137,4160,449,417,34,95467089,29767,1793,64,813,4221,361,1,18,23,23,36,46,20,7,8,26179,21540,2001,5455,7,63,47719,7456,70,5819.0
3162500,SÃO JOÃO DEL REI,25944,19,519,190,2,45,3,44,893,4302,79,16,2983,14930,341,118,54,107,10461,15501,79857,45614,6733,681,26735,94,79654,25956,15527,18134,9654,898,798,1119,195,3622,101,1819,49,1270,126,334,12,53052084,12000,435,71,214,135,19,2,1,9,5,16,19,10,1,0,10588,11406,1246,2679,6,19,21994,3925,25,3362.0
3164704,SÃO SEBASTIÃO DO PARAÍSO,19230,17,294,18,1,14,0,33,1384,4625,93,6,4787,14947,287,161,24,116,6859,12382,59953,39972,2935,347,16577,50,59707,19241,12182,14308,6290,881,417,1125,224,2190,51,1245,52,1052,89,321,12,40437692,22685,333,40,205,146,44,9,0,9,9,16,16,10,0,0,15660,3280,131,39,2,4,18940,170,6,1896.0
3167202,SETE LAGOAS,61560,166,232,517,8,134,9,136,3541,10526,311,79,13248,35074,954,1002,451,413,23891,37767,208956,69136,18870,2583,117885,252,208217,61642,38390,52167,27273,2845,1912,2550,512,9917,192,4964,85,4272,341,1095,83,138525499,81916,1094,59,346,290,44,6,30,49,55,155,166,58,1,15,33354,24499,1865,1632,28,54,57853,3497,82,7526.0
3168606,TEÓFILO OTONI,33364,190,4226,716,8,345,4,182,462,5958,164,183,1813,22891,634,239,568,532,13647,19764,110076,31153,11911,1086,65782,144,109676,33396,19910,24087,14467,1714,1156,1403,321,6313,207,2230,76,2509,352,1122,32,62019263,28881,1149,190,772,1081,197,25,99,158,112,170,187,145,32,41,17988,10425,2132,2347,28,105,28413,4479,133,4372.0
3168705,TIMÓTEO,24482,34,146,125,2,90,3,41,848,3265,64,103,3571,14181,257,709,80,95,7921,16360,81124,31762,10377,1324,36567,127,80034,24207,16494,21424,8778,1011,763,755,245,3129,71,1336,28,1329,144,294,22,52558613,23671,617,42,257,381,76,5,13,17,13,20,30,7,1,0,13618,7437,1151,1107,12,110,21055,2258,122,2498.0
3169307,TRÊS CORAÇÕES,19776,23,86,63,2,11,2,44,1531,4036,91,9,5366,14510,263,150,55,84,7180,12619,65826,32386,7974,440,24929,90,65652,19791,12836,16515,7578,1041,633,763,195,3287,65,1282,32,1224,123,277,18,39856700,25899,532,36,134,159,34,1,6,10,7,12,23,13,0,6,8218,10517,348,646,3,20,18735,994,23,2340.0
3169901,UBÁ,30987,20,778,395,2,14,11,47,606,7301,226,25,2367,28518,721,197,48,106,10630,20338,97636,51561,10140,1127,34442,151,97046,30952,20049,23972,10175,1565,749,1340,397,3200,66,1833,51,1579,198,855,33,59349612,28045,681,199,391,281,160,5,2,9,4,9,20,8,0,1,21068,5850,2063,1365,35,155,26918,3428,190,3609.0
3170107,UBERABA,94568,66,1974,220,24,14,0,110,10055,19441,640,51,35631,70636,2032,732,162,289,38592,55927,289376,179189,26222,2649,79697,403,285510,94405,55614,60843,33562,4688,2538,5163,1126,12483,328,5763,220,5443,452,2847,154,240598435,157855,2243,113,167,188,55,4,3,10,5,53,65,10,2,1,69090,22739,1010,621,20,60,91829,1631,80,10846.0
3170206,UBERLÂNDIA,190804,87,1349,92,2,69,0,154,18243,45002,628,28,74085,167898,2150,3436,199,402,72770,118411,587266,328374,48697,6718,202511,906,585227,191140,120880,133485,60704,10780,4451,10076,2257,22600,624,10618,454,10804,769,5779,342,504683747,336580,3823,62,777,922,131,6,31,36,32,64,84,16,10,27,173632,14075,1408,196,14,8,187707,1604,22,20810.0
3170404,UNAÍ,19552,57,155,154,6,11,0,36,1043,3828,92,15,3700,14605,321,188,153,84,7272,12321,62329,25884,4025,1045,31177,66,62047,19579,12423,15174,7278,1091,346,677,132,2468,50,1195,15,1168,73,381,30,38384309,34447,567,29,317,33,19,3,21,29,23,45,53,12,2,3,10241,6956,483,1020,0,7,17197,1503,7,1893.0
3170701,VARGINHA,36400,25,71,62,3,6,0,17,2896,8310,224,12,10402,28437,787,191,48,33,12516,23913,119061,70365,10800,665,37163,68,118734,36423,23967,30556,12392,1513,1188,1622,445,5017,105,2217,68,2034,180,920,23,92218900,31079,536,25,49,62,44,0,0,0,0,6,25,20,0,0,31273,4525,176,146,3,32,35798,322,35,4456.0
3171204,VESPASIANO,29790,45,1196,480,9,665,67,49,2350,3634,270,26,9964,13028,915,326,125,161,12497,17322,104527,29464,14383,2115,58441,101,104046,29814,18977,26109,13868,1624,963,1950,300,4410,112,2627,86,2669,300,285,30,47710096,17396,1065,139,177,2370,336,3,6,13,11,25,32,13,9,5,11670,9763,1130,1611,2,7,21433,2741,9,3318.0
3171303,VIÇOSA,21278,20,970,198,8,33,0,39,397,1967,42,15,2612,13773,212,186,46,68,7923,13375,67305,31521,9822,552,25320,89,67078,21291,13284,17323,7261,686,453,844,196,2486,37,1272,31,1062,128,666,13,51936072,10247,364,82,166,67,41,1,3,13,8,17,20,11,0,0,11592,7459,1085,1070,18,40,19051,2155,58,2223.0
